Model,Cost,Timestamp,Real Cost,User,Use Case,Context Tokens,Output Tokens
gpt-4-1106-preview,0.01053,2024-01-05 02:15:14.220264,,,,,
apify,0.0046854805206971,2024-01-05 02:20:19.769939,,,,,
gpt-4-1106-preview,0.01286,2024-01-05 02:20:36.505528,,,,,
dall-e-3,0.04,2024-01-05 02:22:16.483952,,,,,
gpt-4-1106-preview,0.01586,2024-01-05 02:33:09.222565,,,,,
apify,0.008803873035252,2024-01-05 02:49:05.080809,,,,,
dall-e-3,0.04,2024-01-05 02:49:25.624598,,,,,
apify,0.0093459543310569,2024-01-05 02:51:23.808184,,,,,
dall-e-3,0.04,2024-01-05 02:51:47.731929,,,,,
gpt-4-1106-preview,0.00378,2024-01-05 02:51:56.135781,,,,,
gpt-4-1106-preview,0.0048,2024-01-05 02:52:19.199737,,,,,
gpt-4-1106-preview,0.00366,2024-01-05 02:52:39.653867,,,,,
gpt-4-1106-preview,0.02218,2024-01-05 02:52:56.129091,,,,,
apify,0.0073201424388223,2024-01-05 02:58:50.395334,,,,,
dall-e-3,0.04,2024-01-05 02:59:13.928394,,,,,
gpt-4-1106-preview,0.01929,2024-01-05 02:59:35.662581,,,,,
apify,0.0091774561099823,2024-01-05 03:11:30.929302,,,,,
dall-e-3,0.04,2024-01-05 03:11:51.686667,,,,,
gpt-4-1106-preview,0.01248,2024-01-05 03:12:03.045707,,,,,
gpt-4-1106-preview,0.0132199999999999,2024-01-05 03:16:36.477918,,,,,
gpt-4-1106-preview,0.0156199999999999,2024-01-05 03:18:22.929027,,,,,
gpt-4-1106-preview,0.01189,2024-01-05 03:22:47.694917,,,,,
dall-e-3,0.04,2024-01-05 03:26:17.859273,,,,,
gpt-4-1106-preview,0.01872,2024-01-05 03:26:28.761139,,,,,
dall-e-3,0.04,2024-01-05 04:02:40.016873,,,,,
gpt-4-1106-preview,0.01553,2024-01-05 04:02:56.529390,,,,,
dall-e-3,0.04,2024-01-05 17:39:02.239055,,,,,
gpt-4-1106-preview,0.01376,2024-01-05 17:39:14.314228,,,,,
gpt-4-1106-preview,0.01209,2024-01-05 18:28:37.594100,,,,,
dall-e-3,0.04,2024-01-05 18:29:16.328599,,,,,
gpt-4-1106-preview,0.01676,2024-01-05 18:29:22.168419,,,,,
gpt-4-1106-preview,0.0120499999999999,2024-01-06 02:24:13.792087,,,,,
apify,0.0121068944106333,2024-01-06 02:25:35.206489,,,,,
gpt-4-1106-preview,0.01727,2024-01-06 02:25:41.001185,,,,,
gpt-4-1106-preview,0.01417,2024-01-06 03:07:12.733426,,,,,
apify,0.0082792838937375,2024-01-06 03:08:53.840903,,,,,
gpt-4-1106-preview,0.02446,2024-01-06 03:09:05.130866,,,,,
dall-e-3,0.04,2024-01-06 03:11:32.736852,,,,,
gpt-4-1106-preview,0.03057,2024-01-06 03:11:44.482952,,,,,
apify,0.0477628992630061,2024-01-07 20:08:02.187041,,,,,
dall-e-3,0.04,2024-01-07 20:08:17.897035,,,,,
apify,0.050679413521712,2024-01-07 20:21:46.644149,,,,,
dall-e-3,0.04,2024-01-07 20:22:03.563888,,,,,
apify,0.0679633827481667,2024-01-07 20:30:31.279273,,,,,
apify,0.047776490201046,2024-01-07 20:31:50.922736,,,,,
gpt-4-1106-preview,0.01957,2024-01-07 20:32:07.700583,,,,,
dall-e-3,0.04,2024-01-07 20:38:51.977010,,,,,
gpt-4-1106-preview,0.01554,2024-01-07 20:39:03.256546,,,,,
dall-e-3,0.04,2024-01-07 20:44:52.297533,,,,,
gpt-4-1106-preview,0.01437,2024-01-07 20:44:58.465721,,,,,
dall-e-3,0.04,2024-01-07 21:43:57.973751,,,,,
dall-e-3,0.04,2024-01-07 21:49:33.610038,,,,,
gpt-4-1106-preview,0.0147,2024-01-07 21:49:39.723029,,,,,
dall-e-3,0.04,2024-01-07 21:54:55.853434,,,,,
gpt-4-1106-preview,0.01485,2024-01-07 21:55:07.564047,,,,,
dall-e-3,0.04,2024-01-07 23:20:40.671004,,,,,
dall-e-3,0.04,2024-01-07 23:23:13.781419,,,,,
dall-e-3,0.04,2024-01-07 23:27:24.007109,,,,,
dall-e-3,0.04,2024-01-07 23:28:41.360710,,,,,
dall-e-3,0.04,2024-01-07 23:35:05.663634,,,,,
dall-e-3,0.04,2024-01-07 23:36:48.976447,,,,,
dall-e-3,0.04,2024-01-07 23:55:26.125494,,,,,
dall-e-3,0.04,2024-01-08 00:00:17.460981,,,,,
gpt-4-1106-preview,0.01497,2024-01-08 00:00:29.797376,,,,,
gpt-4-1106-preview,0.01432,2024-01-08 00:07:51.873819,,,,,
dall-e-3,0.04,2024-01-08 00:16:51.341586,,,,,
gpt-4-1106-preview,0.01321,2024-01-08 00:17:00.336599,,,,,
dall-e-3,0.04,2024-01-08 00:20:47.877177,,,,,
gpt-4-1106-preview,0.01405,2024-01-08 00:20:54.872287,,,,,
dall-e-3,0.04,2024-01-08 00:43:27.383873,,,,,
gpt-4-1106-preview,0.0138399999999999,2024-01-08 00:43:39.773727,,,,,
dall-e-3,0.04,2024-01-08 00:45:34.128636,,,,,
gpt-4-1106-preview,0.0141699999999999,2024-01-08 00:47:40.719717,,,,,
dall-e-3,0.04,2024-01-08 00:48:47.988106,,,,,
gpt-4-1106-preview,0.0137799999999999,2024-01-08 00:49:00.898318,,,,,
dall-e-3,0.04,2024-01-08 00:53:17.896658,,,,,
gpt-4-1106-preview,0.01841,2024-01-08 00:53:31.049488,,,,,
dall-e-3,0.04,2024-01-08 00:56:50.102392,,,,,
gpt-4-1106-preview,0.0231,2024-01-08 00:57:04.521385,,,,,
dall-e-3,0.04,2024-01-08 00:58:03.107184,,,,,
gpt-4-1106-preview,0.01355,2024-01-08 00:58:41.786239,,,,,
gpt-4-1106-preview,0.01852,2024-01-08 01:06:59.068347,,,,,
gpt-4-1106-preview,0.02277,2024-01-08 01:15:09.455393,,,,,
gpt-4-1106-preview,0.01604,2024-01-08 01:17:30.520372,,,,,
gpt-4-1106-preview,0.02273,2024-01-08 01:21:02.904883,,,,,
apify,0.0542884013663199,2024-01-08 01:23:29.274358,,,,,
gpt-4-1106-preview,0.0271399999999999,2024-01-08 01:23:40.870591,,,,,
gpt-4-1106-preview,0.0319399999999999,2024-01-08 01:24:28.151287,,,,,
gpt-4-1106-preview,0.03583,2024-01-08 01:24:45.125035,,,,,
gpt-4-1106-preview,0.03972,2024-01-08 01:24:59.898998,,,,,
dall-e-3,0.04,2024-01-08 01:25:29.899994,,,,,
gpt-4-1106-preview,0.0439,2024-01-08 01:25:47.433132,,,,,
gpt-4-1106-preview,0.0460099999999999,2024-01-08 01:26:33.281343,,,,,
gpt-4-1106-preview,0.01564,2024-01-08 02:14:15.300659,,,,,
apify,0.0127848071225401,2024-01-08 02:16:17.537588,,,,,
gpt-4-1106-preview,0.02323,2024-01-08 02:16:33.728082,,,,,
gpt-4-1106-preview,0.02834,2024-01-08 02:17:14.251287,,,,,
gpt-4-1106-preview,0.03479,2024-01-08 02:17:37.614670,,,,,
apify,0.0485695986255672,2024-01-08 02:19:14.709697,,,,,
gpt-4-1106-preview,0.04092,2024-01-08 02:19:26.051244,,,,,
dall-e-3,0.04,2024-01-08 02:19:54.969836,,,,,
gpt-4-1106-preview,0.04545,2024-01-08 02:20:08.783470,,,,,
gpt-4-1106-preview,0.01538,2024-01-08 18:39:56.065872,,,,,
gpt-4-1106-preview,0.01457,2024-01-08 18:54:19.933092,,,,,
gpt-4-1106-preview,0.01888,2024-01-08 18:54:36.921369,,,,,
gpt-4-1106-preview,0.00221,2024-01-09 15:14:47.575925,,,,,
photoroom,0.15,2024-01-09 15:14:55.038090,,,,,
gpt-4-1106-preview,0.01512,2024-01-09 15:15:06.376926,,,,,
gpt-4-1106-preview,0.00237,2024-01-09 15:26:30.048963,,,,,
photoroom,0.15,2024-01-09 15:26:38.529407,,,,,
gpt-4-1106-preview,0.01596,2024-01-09 15:26:55.157667,,,,,
gpt-4-1106-preview,0.02096,2024-01-09 15:28:55.671346,,,,,
gpt-4-1106-preview,0.02762,2024-01-09 15:34:12.936898,,,,,
gpt-4-1106-preview,0.0309699999999999,2024-01-11 01:48:41.196728,,,,,
gpt-4-1106-preview,0.01289,2024-01-11 01:51:29.391178,,,,,
apify,0.00541350490781,2024-01-11 01:53:27.426095,,,,,
apify,0.0258555294470075,2024-01-11 01:54:10.816140,,,,,
gpt-4-1106-preview,0.02011,2024-01-11 01:54:22.340971,,,,,
apify,0.0057473047740409,2024-01-11 01:56:15.888964,,,,,
gpt-4-1106-preview,0.0273399999999999,2024-01-11 01:56:32.475238,,,,,
gpt-4-1106-preview,0.03495,2024-01-11 01:59:18.885121,,,,,
dall-e-3,0.04,2024-01-11 02:00:09.476630,,,,,
gpt-4-1106-preview,0.04093,2024-01-11 02:00:22.676868,,,,,
dall-e-3,0.04,2024-01-11 02:01:47.642951,,,,,
gpt-4-1106-preview,0.04595,2024-01-11 02:02:01.019911,,,,,
dall-e-3,0.04,2024-01-11 02:03:00.319982,,,,,
gpt-4-1106-preview,0.05171,2024-01-11 02:03:12.923035,,,,,
dall-e-3,0.04,2024-01-11 02:04:20.645775,,,,,
gpt-4-1106-preview,0.0562299999999999,2024-01-11 02:04:33.578010,,,,,
dall-e-3,0.04,2024-01-11 02:05:29.178294,,,,,
gpt-4-1106-preview,0.06117,2024-01-11 02:05:37.338662,,,,,
gpt-4-1106-preview,0.0042699999999999,2024-01-11 02:06:33.360709,,,,,
gpt-4-1106-preview,0.06757,2024-01-11 02:06:44.591196,,,,,
gpt-4-1106-preview,0.07138,2024-01-11 02:07:29.639374,,,,,
gpt-4-1106-preview,0.07263,2024-01-11 02:08:16.757158,,,,,
gpt-4-1106-preview,0.00377,2024-01-11 02:08:56.364551,,,,,
gpt-4-1106-preview,0.07085,2024-01-11 02:09:07.723805,,,,,
gpt-4-1106-preview,0.01448,2024-01-13 00:22:17.910655,,,,,
gpt-4-1106-preview,0.01539,2024-01-13 00:43:07.889338,,luis_santiago,,,
gpt-4-1106-preview,0.0151099999999999,2024-01-13 00:47:37.206081,,h1,,,
gpt-4-1106-preview,0.01541,2024-01-13 00:51:49.702064,,h1,,,
gpt-4-1106-preview,0.01376,2024-01-13 00:55:56.111472,,h1,,,
apify website screaper,0.0052937307618657,2024-01-13 00:56:27.042307,,h1,,,
gpt-4-1106-preview,0.0161,2024-01-13 00:59:07.205662,,h1,,,
apify website screaper,0.0052942725425031,2024-01-13 00:59:29.340059,,h1,,,
apify instagram scraper,0.0355186988138092,2024-01-13 14:40:28.052680,,h1,,,
gpt-4-vision-preview,0.02424,2024-01-13 14:40:34.757162,,h1,,,
gpt-4-vision-preview,0.03085,2024-01-13 14:40:50.970876,,h1,,,
apify instagram scraper,0.0478259704724335,2024-01-13 15:05:22.072663,,h1,,,
apify website screaper,0.008250644611241,2024-01-13 15:15:30.210578,,h1,,,
apify instagram scraper,0.0434359752142263,2024-01-13 15:17:26.839400,,h1,,,
gpt-4-vision-preview,0.0259,2024-01-13 15:17:35.538756,,h1,,,
apify website screaper,0.005323631259746,2024-01-13 15:30:03.458792,,h1,,,
apify instagram scraper,0.030092717351266,2024-01-13 15:35:38.510710,,h1,,,
gpt-4-1106-preview_function,0.00165,2024-01-13 15:35:39.147112,,h1,,,
gpt-4-1106-preview,0.01952,2024-01-13 15:36:05.944235,,h1,,,
apify website screaper,0.0056598791761779,2024-01-13 15:39:16.942280,,h1,,,
gpt-4-1106-preview_function,0.01011,2024-01-13 15:39:17.330547,,h1,,,
apify instagram scraper,0.0365862874613619,2024-01-13 15:40:10.893026,,h1,,,
gpt-4-vision-preview,0.02113,2024-01-13 15:40:17.428074,,h1,,,
gpt-4-vision-preview,0.02623,2024-01-13 15:40:27.092661,,h1,,,
gpt-4-1106-preview_function,0.0174,2024-01-13 15:40:27.101400,,h1,,,
gpt-4-1106-preview,0.01844,2024-01-13 15:40:48.856575,,h1,,,
apify website screaper,0.0075062601328922,2024-01-13 15:41:56.384973,,h1,,,
gpt-4-1106-preview_function,0.01003,2024-01-13 15:41:56.755002,,h1,,,
apify instagram scraper,0.046341772455722,2024-01-13 15:43:09.968861,,h1,,,
gpt-4-vision-preview,0.02623,2024-01-13 15:43:27.455081,,h1,,,
gpt-4-1106-preview_function,0.0109499999999999,2024-01-13 15:43:27.463333,,h1,,,
gpt-4-1106-preview,0.0173,2024-01-13 15:43:43.853700,,h1,,,
gpt-3.5-turbo-1106,0.00534,2024-01-13 15:43:45.133954,,h1,,,
apify website screaper,0.0064586973521494,2024-01-13 15:48:29.311053,,h1,,,
gpt-4-1106-preview_function,0.01003,2024-01-13 15:48:29.688389,,h1,,,
apify instagram scraper,0.0455238958459082,2024-01-13 15:49:47.426743,,h1,,,
gpt-4-vision-preview,0.0255899999999999,2024-01-13 15:50:03.982767,,h1,,,
gpt-4-vision-preview,0.02583,2024-01-13 15:50:13.022886,,h1,,,
gpt-4-vision-preview,0.02591,2024-01-13 15:50:22.959124,,h1,,,
gpt-4-vision-preview,0.02564,2024-01-13 15:50:34.935437,,h1,,,
gpt-4-vision-preview,0.02605,2024-01-13 15:50:45.793647,,h1,,,
gpt-4-vision-preview,0.02566,2024-01-13 15:51:02.385451,,h1,,,
gpt-4-vision-preview,0.02592,2024-01-13 15:51:15.590978,,h1,,,
gpt-4-1106-preview_function,0.0678,2024-01-13 15:51:15.602554,,h1,,,
gpt-4-1106-preview,0.0158,2024-01-13 15:51:32.154710,,h1,,,
gpt-3.5-turbo-1106,0.00541,2024-01-13 15:51:33.543495,,h1,,,
apify instagram scraper,0.0555259191379795,2024-01-13 15:54:48.988057,,h1,,,
gpt-4-1106-preview_function,0.0016099999999999,2024-01-13 15:54:49.728781,,h1,,,
gpt-4-1106-preview,0.0152,2024-01-13 15:55:00.819295,,h1,,,
gpt-4-1106-preview,0.00466,2024-01-13 15:55:01.788972,,h1,,,
apify instagram scraper,0.035144821974251,2024-01-13 15:56:58.672751,,h1,,,
gpt-4-vision-preview,0.02623,2024-01-13 15:57:09.583479,,h1,,,
gpt-4-1106-preview_function,0.0110499999999999,2024-01-13 15:57:09.944813,,h1,,,
gpt-4-1106-preview,0.01715,2024-01-13 15:57:20.985972,,h1,,,
gpt-4-1106-preview,0.01422,2024-01-13 15:57:35.221361,,h1,,,
apify instagram scraper,0.0487837009116179,2024-01-13 16:04:40.890538,,h1,,,
gpt-4-vision-preview,0.0155199999999999,2024-01-13 16:04:47.683216,,h1,,,
gpt-4-1106-preview_function,0.00398,2024-01-13 16:04:47.999272,,h1,,,
gpt-4-1106-preview,0.01319,2024-01-13 16:04:59.715955,,h1,,,
gpt-4-1106-preview,0.0109,2024-01-13 16:05:10.065734,,h1,,,
apify instagram scraper,0.0492652393303811,2024-01-13 16:06:55.403577,,h1,,,
gpt-4-vision-preview,0.02623,2024-01-13 16:07:09.056762,,h1,,,
gpt-4-vision-preview,0.02029,2024-01-13 16:07:18.071336,,h1,,,
gpt-4-1106-preview_function,0.01656,2024-01-13 16:07:18.081141,,h1,,,
gpt-4-1106-preview,0.023,2024-01-13 16:07:57.511087,,h1,,,
gpt-4-1106-preview,0.0191,2024-01-13 16:08:21.049935,,h1,,,
apify website screaper,0.0053092749658624,2024-01-13 16:09:30.109361,,h1,,,
gpt-4-1106-preview_function,0.0099499999999999,2024-01-13 16:09:30.119070,,h1,,,
gpt-4-1106-preview,0.03176,2024-01-13 16:09:42.723755,,h1,,,
gpt-4-1106-preview,0.0174999999999999,2024-01-13 16:10:02.727810,,h1,,,
gpt-4-1106-preview,0.04271,2024-01-13 16:10:44.161129,,h1,,,
gpt-4-1106-preview,0.0181,2024-01-13 16:11:07.774917,,h1,,,
dall-e-3,0.04,2024-01-13 16:13:30.631719,,h1,,,
gpt-4-1106-preview_function,0.00289,2024-01-13 16:14:32.059763,,h1,,,
gpt-4-1106-preview,0.04987,2024-01-13 16:14:48.079382,,h1,,,
gpt-4-1106-preview,0.0106,2024-01-13 16:14:57.354147,,h1,,,
gpt-4-1106-preview,0.0161,2024-01-13 16:24:13.747844,,sarah_artemiza,,,
gpt-4-1106-preview,0.01616,2024-01-13 16:24:23.605424,,sarah_artemiza,,,
apify website screaper,0.0104998732026351,2024-01-13 16:25:59.754400,,sarah_artemiza,,,
gpt-4-1106-preview_function,0.0199799999999999,2024-01-13 16:25:59.765056,,sarah_artemiza,,,
gpt-4-1106-preview,0.0229,2024-01-13 16:26:11.075623,,sarah_artemiza,,,
gpt-4-1106-preview,0.01496,2024-01-13 16:26:27.614297,,sarah_artemiza,,,
gpt-4-1106-preview,0.0131599999999999,2024-01-13 17:14:11.245890,,luiss_santiagooo,,,
gpt-4-1106-preview,0.01083,2024-01-13 17:14:23.127348,,luiss_santiagooo,,,
apify website screaper,0.0124340468224783,2024-01-13 17:18:30.640268,,luiss_santiagooo,,,
gpt-4-1106-preview_function,0.01994,2024-01-13 17:18:30.653158,,luiss_santiagooo,,,
apify website screaper,0.0146787895143893,2024-01-13 17:28:18.705859,,luiss_santiagooo,,,
gpt-4-1106-preview_function,0.02002,2024-01-13 17:28:19.080597,,luiss_santiagooo,,,
gpt-4-1106-preview,0.0141,2024-01-13 17:28:30.273705,,luiss_santiagooo,,,
gpt-4-1106-preview,0.012,2024-01-13 17:28:43.387975,,luiss_santiagooo,,,
apify website screaper,0.0071925821760164,2024-01-13 17:29:55.267375,,luiss_santiagooo,,,
gpt-4-1106-preview_function,0.0199,2024-01-13 17:29:55.635900,,luiss_santiagooo,,,
apify website screaper,0.0145240817614247,2024-01-13 17:40:05.973827,,luiss_santiagooo,,,
gpt-4-1106-preview_function,0.01994,2024-01-13 17:40:06.358458,,luiss_santiagooo,,,
gpt-4-1106-preview,0.01602,2024-01-13 17:40:22.942612,,luiss_santiagooo,,,
gpt-4-1106-preview,0.01402,2024-01-13 17:40:30.168898,,luiss_santiagooo,,,
apify website screaper,0.0084168888273768,2024-01-13 17:42:18.320757,,luiss_santiagooo,,,
gpt-4-1106-preview_function,0.01982,2024-01-13 17:42:18.712753,,luiss_santiagooo,,,
gpt-4-1106-preview,0.01485,2024-01-13 17:42:35.068076,,luiss_santiagooo,,,
gpt-4-1106-preview,0.01261,2024-01-13 17:42:47.387805,,luiss_santiagooo,,,
gpt-4-vision-preview,0.01985,2024-01-13 17:43:16.087839,,luiss_santiagooo,,,
gpt-4-1106-preview_function,0.00259,2024-01-13 17:43:16.096152,,luiss_santiagooo,,,
gpt-4-1106-preview,0.02154,2024-01-13 17:43:32.927138,,luiss_santiagooo,,,
gpt-4-1106-preview,0.01118,2024-01-13 17:43:44.432610,,luiss_santiagooo,,,
gpt-4-1106-preview,0.00218,2024-01-13 17:44:02.492819,,luiss_santiagooo,,,
photoroom,0.15,2024-01-13 17:44:45.910857,,luiss_santiagooo,,,
gpt-4-1106-preview_function,0.00258,2024-01-13 17:44:45.931529,,luiss_santiagooo,,,
gpt-4-1106-preview,0.02466,2024-01-13 17:44:51.882950,,luiss_santiagooo,,,
gpt-4-1106-preview,0.00892,2024-01-13 17:45:01.399271,,luiss_santiagooo,,,
gpt-4-1106-preview,0.01891,2024-01-13 17:49:51.314409,,luiss_santiagooo,,,
gpt-4-1106-preview,0.00876,2024-01-13 17:49:58.073005,,luiss_santiagooo,,,
gpt-4-vision-preview,0.02814,2024-01-13 17:50:25.526510,,luiss_santiagooo,,,
gpt-4-1106-preview_function,0.01081,2024-01-13 17:50:25.539973,,luiss_santiagooo,,,
gpt-4-1106-preview,0.02366,2024-01-13 17:50:37.024046,,luiss_santiagooo,,,
gpt-4-1106-preview,0.0114499999999999,2024-01-13 17:50:47.738766,,luiss_santiagooo,,,
gpt-4-1106-preview,0.00232,2024-01-13 17:51:13.774283,,luiss_santiagooo,,,
photoroom,0.15,2024-01-13 17:51:23.336316,,luiss_santiagooo,,,
gpt-4-1106-preview_function,0.0022,2024-01-13 17:51:23.357035,,luiss_santiagooo,,,
gpt-4-1106-preview,0.0268699999999999,2024-01-13 17:51:34.389793,,luiss_santiagooo,,,
gpt-4-1106-preview,0.00796,2024-01-13 17:51:38.363598,,luiss_santiagooo,,,
gpt-4-1106-preview,0.00326,2024-01-13 19:46:41.272435,,prueba_path_1,,,
gpt-4-1106-preview_function,0.0037,2024-01-13 19:46:41.292060,,prueba_path_1,,,
gpt-4-1106-preview,0.00602,2024-01-13 19:46:59.091549,,prueba_path_1,,,
gpt-4-1106-preview_function,0.00711,2024-01-13 19:46:59.098298,,prueba_path_1,,,
gpt-4-1106-preview,0.03621,2024-01-13 19:47:04.823111,,prueba_path_1,,,
gpt-4-1106-preview,0.0105399999999999,2024-01-13 19:47:08.972481,,prueba_path_1,,,
gpt-4-1106-preview,0.0141199999999999,2024-01-13 19:48:06.632183,,prueba_path_1,,,
gpt-4-1106-preview,0.01388,2024-01-13 19:48:19.890046,,prueba_path_1,,,
apify website screaper,0.0702476837016708,2024-01-13 19:54:57.239690,,prueba_path_1,,,
apify instagram scraper,0.0412574021021988,2024-01-13 19:55:56.477577,,prueba_path_1,,,
gpt-4-1106-preview_function,0.03368,2024-01-13 19:55:56.662834,,prueba_path_1,,,
gpt-4-1106-preview,0.02274,2024-01-13 19:56:13.005358,,prueba_path_1,,,
gpt-4-1106-preview,0.01713,2024-01-13 19:56:22.387944,,prueba_path_1,,,
gpt-4-1106-preview,0.02752,2024-01-13 19:57:06.520782,,prueba_path_1,,,
gpt-4-1106-preview,0.01097,2024-01-13 19:57:16.695000,,prueba_path_1,,,
dall-e-3,0.04,2024-01-13 19:58:17.074064,,prueba_path_1,,,
gpt-4-1106-preview_function,0.00329,2024-01-13 19:58:17.969835,,prueba_path_1,,,
gpt-4-1106-preview,0.03021,2024-01-13 19:58:28.999581,,prueba_path_1,,,
gpt-4-1106-preview,0.00753,2024-01-13 19:58:31.053499,,prueba_path_1,,,
dall-e-3,0.04,2024-01-13 19:59:11.040067,,prueba_path_1,,,
gpt-4-1106-preview_function,0.00332,2024-01-13 19:59:11.809806,,prueba_path_1,,,
gpt-4-1106-preview,0.03676,2024-01-13 19:59:22.778955,,prueba_path_1,,,
gpt-4-1106-preview,0.0084,2024-01-13 19:59:25.580592,,prueba_path_1,,,
gpt-4-1106-preview,0.04169,2024-01-13 19:59:54.731222,,prueba_path_1,,,
gpt-4-1106-preview,0.0105399999999999,2024-01-13 20:00:05.863761,,prueba_path_1,,,
dall-e-3,0.04,2024-01-13 20:01:39.006347,,prueba_path_1,,,
gpt-4-1106-preview_function,0.00288,2024-01-13 20:01:39.847524,,prueba_path_1,,,
gpt-4-1106-preview,0.04552,2024-01-13 20:01:51.010325,,prueba_path_1,,,
gpt-4-1106-preview,0.00856,2024-01-13 20:01:59.283158,,prueba_path_1,,,
gpt-4-1106-preview,0.00396,2024-01-13 20:02:28.567386,,prueba_path_1,,,
gpt-4-1106-preview_function,0.00484,2024-01-13 20:02:28.578811,,prueba_path_1,,,
gpt-4-1106-preview,0.00403,2024-01-13 20:02:43.770528,,prueba_path_1,,,
gpt-4-1106-preview_function,0.0052099999999999,2024-01-13 20:02:43.779672,,prueba_path_1,,,
gpt-4-1106-preview,0.04952,2024-01-13 20:02:54.842248,,prueba_path_1,,,
gpt-4-1106-preview,0.01024,2024-01-13 20:03:01.641444,,prueba_path_1,,,
gpt-4-1106-preview,0.05765,2024-01-13 20:03:36.068099,,prueba_path_1,,,
gpt-4-1106-preview,0.01603,2024-01-13 20:03:51.927594,,prueba_path_1,,,
gpt-4-1106-preview,0.01703,2024-01-13 20:14:06.583461,,prueba_path_2,,,
gpt-4-1106-preview,0.01706,2024-01-13 20:14:20.164627,,prueba_path_2,,,
apify website screaper,0.0115236692388935,2024-01-13 21:04:09.388107,,prueba_path_2,,,
gpt-4-1106-preview_function,0.00708,2024-01-13 21:04:09.400881,,prueba_path_2,,,
gpt-4-1106-preview,0.02461,2024-01-13 21:04:25.641682,,prueba_path_2,,,
gpt-4-1106-preview,0.0162,2024-01-13 21:04:38.513457,,prueba_path_2,,,
gpt-4-1106-preview_function,0.00243,2024-01-13 21:10:40.585644,,prueba_path_2,,,
gpt-4-1106-preview,0.0279999999999999,2024-01-13 21:10:51.547697,,prueba_path_2,,,
gpt-4-1106-preview,0.00813,2024-01-13 21:10:54.037317,,prueba_path_2,,,
gpt-4-1106-preview_function,0.00231,2024-01-13 21:11:33.397344,,prueba_path_2,,,
gpt-4-1106-preview,0.03142,2024-01-13 21:11:44.363605,,prueba_path_2,,,
gpt-4-1106-preview,0.00911,2024-01-13 21:11:50.357568,,prueba_path_2,,,
apify instagram scraper,0.0383746903749571,2024-01-13 21:13:43.710110,,prueba_path_2,,,
gpt-4-1106-preview_function,0.00149,2024-01-13 21:13:44.002733,,prueba_path_2,,,
gpt-4-1106-preview,0.04295,2024-01-13 21:20:14.010959,,prueba_path_2,,,
gpt-4-1106-preview,0.01347,2024-01-13 21:20:24.411904,,prueba_path_2,,,
gpt-4-1106-preview,0.04703,2024-01-13 21:20:48.704435,,prueba_path_2,,,
gpt-4-1106-preview,0.00959,2024-01-13 21:20:52.472561,,prueba_path_2,,,
gpt-4-1106-preview,0.01622,2024-01-14 18:55:13.793781,,prueba_path_2_corrected,,,
gpt-4-1106-preview,0.01458,2024-01-14 18:55:19.623518,,prueba_path_2_corrected,,,
apify website screaper,0.0116194387984457,2024-01-14 18:57:18.375290,,prueba_path_2_corrected,,,
gpt-4-1106-preview_function,0.0072,2024-01-14 18:57:18.385749,,prueba_path_2_corrected,,,
gpt-4-1106-preview,0.02113,2024-01-14 18:57:29.405481,,prueba_path_2_corrected,,,
gpt-4-1106-preview,0.00947,2024-01-14 18:57:34.825666,,prueba_path_2_corrected,,,
gpt-4-1106-preview,0.0306499999999999,2024-01-14 18:59:28.545379,,prueba_path_2_corrected,,,
gpt-4-1106-preview,0.0154,2024-01-14 18:59:35.745819,,prueba_path_2_corrected,,,
dall-e-3,0.04,2024-01-14 19:00:10.503985,,prueba_path_2_corrected,,,
gpt-4-1106-preview_function,0.00249,2024-01-14 19:00:11.670521,,prueba_path_2_corrected,,,
gpt-4-1106-preview,0.0339099999999999,2024-01-14 19:00:18.552051,,prueba_path_2_corrected,,,
gpt-4-1106-preview,0.00939,2024-01-14 19:00:28.855315,,prueba_path_2_corrected,,,
gpt-4-1106-preview,0.01601,2024-01-14 19:03:33.758970,,prueba_path_2_corrected_2,,,
gpt-4-1106-preview,0.0142,2024-01-14 19:03:40.935737,,prueba_path_2_corrected_2,,,
apify website screaper,0.0086449387430482,2024-01-14 19:04:55.850770,,prueba_path_2_corrected_2,,,
gpt-4-1106-preview_function,0.0072,2024-01-14 19:04:55.860884,,prueba_path_2_corrected_2,,,
gpt-4-1106-preview,0.02005,2024-01-14 19:05:07.087937,,prueba_path_2_corrected_2,,,
gpt-4-1106-preview,0.01038,2024-01-14 19:05:14.593213,,prueba_path_2_corrected_2,,,
dall-e-3,0.04,2024-01-14 19:06:27.066663,,prueba_path_2_corrected_2,,,
gpt-4-1106-preview_function,0.00302,2024-01-14 19:06:27.835406,,prueba_path_2_corrected_2,,,
gpt-4-1106-preview,0.0286099999999999,2024-01-14 19:06:33.608055,,prueba_path_2_corrected_2,,,
gpt-4-1106-preview,0.00831,2024-01-14 19:06:38.534675,,prueba_path_2_corrected_2,,,
gpt-4-1106-preview,0.0192199999999999,2024-01-14 19:10:58.459515,,prueba_path_2_corrected_3,,,
gpt-4-1106-preview,0.01109,2024-01-14 19:11:07.054161,,prueba_path_2_corrected_3,,,
apify website screaper,0.0288363878861135,2024-01-14 19:12:40.790414,,prueba_path_2_corrected_3,,,
gpt-4-1106-preview_function,0.0072,2024-01-14 19:12:40.800820,,prueba_path_2_corrected_3,,,
gpt-4-1106-preview,0.0296299999999999,2024-01-14 19:12:51.849784,,prueba_path_2_corrected_3,,,
gpt-4-1106-preview,0.0096,2024-01-14 19:12:59.235642,,prueba_path_2_corrected_3,,,
apify instagram scraper,0.025835606430908,2024-01-14 19:14:12.145263,,prueba_path_2_corrected_3,,,
gpt-4-1106-preview_function,0.0015,2024-01-14 19:14:12.405547,,prueba_path_2_corrected_3,,,
gpt-4-1106-preview,0.04119,2024-01-14 19:14:28.779178,,prueba_path_2_corrected_3,,,
gpt-4-1106-preview,0.01534,2024-01-14 19:14:45.724462,,prueba_path_2_corrected_3,,,
dall-e-3,0.04,2024-01-14 19:15:25.867778,,prueba_path_2_corrected_3,,,
gpt-4-1106-preview_function,0.00297,2024-01-14 19:15:26.684262,,prueba_path_2_corrected_3,,,
gpt-4-1106-preview,0.0456,2024-01-14 19:15:37.690018,,prueba_path_2_corrected_3,,,
gpt-4-1106-preview,0.00839,2024-01-14 19:15:44.046221,,prueba_path_2_corrected_3,,,
gpt-4-1106-preview,0.01608,2024-01-14 19:20:18.644468,,prueba_path_2_corrected_4,,,
gpt-4-1106-preview,0.01228,2024-01-14 19:20:26.567138,,prueba_path_2_corrected_4,,,
apify website screaper,0.0108619610201732,2024-01-14 19:21:25.095320,,prueba_path_2_corrected_4,,,
gpt-4-1106-preview_function,0.00716,2024-01-14 19:21:25.106014,,prueba_path_2_corrected_4,,,
gpt-4-1106-preview,0.02344,2024-01-14 19:21:46.541957,,prueba_path_2_corrected_4,,,
gpt-4-1106-preview,0.01258,2024-01-14 19:21:56.000817,,prueba_path_2_corrected_4,,,
apify instagram scraper,0.0566877883753693,2024-01-14 19:23:32.762807,,prueba_path_2_corrected_4,,,
gpt-4-1106-preview_function,0.00154,2024-01-14 19:23:33.034222,,prueba_path_2_corrected_4,,,
gpt-4-1106-preview,0.03224,2024-01-14 19:23:49.334812,,prueba_path_2_corrected_4,,,
gpt-4-1106-preview,0.0148699999999999,2024-01-14 19:23:58.812046,,prueba_path_2_corrected_4,,,
dall-e-3,0.04,2024-01-14 19:24:23.350297,,prueba_path_2_corrected_4,,,
gpt-4-1106-preview_function,0.00335,2024-01-14 19:24:24.343725,,prueba_path_2_corrected_4,,,
gpt-4-1106-preview,0.03657,2024-01-14 19:24:35.432826,,prueba_path_2_corrected_4,,,
gpt-4-1106-preview,0.00802,2024-01-14 19:24:38.914032,,prueba_path_2_corrected_4,,,
gpt-4-1106-preview,0.00438,2024-01-14 19:25:13.114555,,prueba_path_2_corrected_4,,,
gpt-4-1106-preview_function,0.00545,2024-01-14 19:25:13.124000,,prueba_path_2_corrected_4,,,
gpt-4-1106-preview,0.0046,2024-01-14 19:25:34.418923,,prueba_path_2_corrected_4,,,
gpt-4-1106-preview_function,0.0054199999999999,2024-01-14 19:25:34.431666,,prueba_path_2_corrected_4,,,
gpt-4-1106-preview,0.04407,2024-01-14 19:25:45.392677,,prueba_path_2_corrected_4,,,
gpt-4-1106-preview,0.00962,2024-01-14 19:25:53.691236,,prueba_path_2_corrected_4,,,
gpt-4-1106-preview,0.01838,2024-01-14 19:35:48.465285,,prueba_path_3,,,
gpt-4-1106-preview,0.01613,2024-01-14 19:35:58.165399,,prueba_path_3,,,
apify website screaper,0.0053167385663919,2024-01-14 19:37:36.344205,,prueba_path_3,,,
gpt-4-1106-preview_function,0.01296,2024-01-14 19:37:36.354346,,prueba_path_3,,,
gpt-4-1106-preview,0.02469,2024-01-14 19:37:47.344554,,prueba_path_3,,,
gpt-4-1106-preview,0.01142,2024-01-14 19:37:58.160072,,prueba_path_3,,,
gpt-4-vision-preview,0.02506,2024-01-14 19:39:51.030889,,prueba_path_3,,,
gpt-4-1106-preview_function,0.01136,2024-01-14 19:39:51.040556,,prueba_path_3,,,
gpt-4-1106-preview,0.03213,2024-01-14 19:40:01.970128,,prueba_path_3,,,
gpt-4-1106-preview,0.01269,2024-01-14 19:40:12.586498,,prueba_path_3,,,
gpt-4-1106-preview,0.03974,2024-01-14 19:40:42.203512,,prueba_path_3,,,
gpt-4-1106-preview,0.01173,2024-01-14 19:40:47.145021,,prueba_path_3,,,
dall-e-3,0.04,2024-01-14 19:41:38.001432,,prueba_path_3,,,
gpt-4-1106-preview_function,0.00347,2024-01-14 19:41:38.845841,,prueba_path_3,,,
gpt-4-1106-preview,0.04393,2024-01-14 19:41:49.989078,,prueba_path_3,,,
gpt-4-1106-preview,0.0078,2024-01-14 19:41:56.126585,,prueba_path_3,,,
dall-e-3,0.04,2024-01-14 19:44:37.341445,,prueba_path_3,,,
gpt-4-1106-preview_function,0.00375,2024-01-14 19:44:38.237318,,prueba_path_3,,,
gpt-4-1106-preview,0.04815,2024-01-14 19:44:49.193887,,prueba_path_3,,,
gpt-4-1106-preview,0.008,2024-01-14 19:44:56.487931,,prueba_path_3,,,
gpt-4-1106-preview,0.0070399999999999,2024-01-14 19:45:57.320396,,prueba_path_3,,,
gpt-4-1106-preview_function,0.00754,2024-01-14 19:45:57.333108,,prueba_path_3,,,
gpt-4-1106-preview,0.0045,2024-01-14 19:46:11.752351,,prueba_path_3,,,
gpt-4-1106-preview_function,0.0053799999999999,2024-01-14 19:46:11.763552,,prueba_path_3,,,
gpt-4-1106-preview,0.0534999999999999,2024-01-14 19:46:22.690406,,prueba_path_3,,,
gpt-4-1106-preview,0.01013,2024-01-14 19:46:34.007349,,prueba_path_3,,,
gpt-4-1106-preview,0.0698699999999999,2024-01-14 19:47:36.610994,,prueba_path_3,,,
gpt-4-1106-preview,0.02467,2024-01-14 19:48:02.142956,,prueba_path_3,,,
gpt-4-1106-preview,0.01611,2024-01-14 19:49:08.573510,,prueba_path_4,,,
gpt-4-1106-preview,0.0127099999999999,2024-01-14 19:49:14.454804,,prueba_path_4,,,
apify website screaper,0.0192815641571018,2024-01-14 19:50:37.005238,,prueba_path_4,,,
gpt-4-1106-preview_function,0.0199,2024-01-14 19:50:37.019919,,prueba_path_4,,,
gpt-4-1106-preview,0.02495,2024-01-14 19:50:53.369674,,prueba_path_4,,,
gpt-4-1106-preview,0.01441,2024-01-14 19:51:00.621906,,prueba_path_4,,,
gpt-4-vision-preview,0.01997,2024-01-14 19:51:39.634040,,prueba_path_4,,,
gpt-4-1106-preview_function,0.00253,2024-01-14 19:51:39.643376,,prueba_path_4,,,
gpt-4-1106-preview,0.03174,2024-01-14 19:52:01.033645,,prueba_path_4,,,
gpt-4-1106-preview,0.01151,2024-01-14 19:52:13.030338,,prueba_path_4,,,
gpt-4-1106-preview,0.00258,2024-01-14 19:52:34.212536,,prueba_path_4,,,
photoroom,0.15,2024-01-14 19:52:39.483684,,prueba_path_4,,,
gpt-4-1106-preview_function,0.00334,2024-01-14 19:52:39.506152,,prueba_path_4,,,
gpt-4-1106-preview,0.0352699999999999,2024-01-14 19:52:45.377450,,prueba_path_4,,,
gpt-4-1106-preview,0.00716,2024-01-14 19:52:48.550518,,prueba_path_4,,,
gpt-4-1106-preview,0.00739,2024-01-14 19:53:26.577183,,prueba_path_4,,,
gpt-4-1106-preview_function,0.00844,2024-01-14 19:53:26.587004,,prueba_path_4,,,
gpt-4-1106-preview,0.04149,2024-01-14 19:53:42.712235,,prueba_path_4,,,
gpt-4-1106-preview,0.0113499999999999,2024-01-14 19:53:54.905375,,prueba_path_4,,,
gpt-4-1106-preview,0.04766,2024-01-14 19:55:10.575167,,prueba_path_5,,,
gpt-4-1106-preview,0.01109,2024-01-14 19:55:16.823605,,prueba_path_5,,,
apify website screaper,0.0082903455516464,2024-01-14 19:56:02.586424,,prueba_path_5,,,
gpt-4-1106-preview_function,0.0199799999999999,2024-01-14 19:56:02.983156,,prueba_path_5,,,
gpt-4-1106-preview,0.01655,2024-01-14 19:56:19.397918,,prueba_path_5,,,
gpt-4-1106-preview,0.01191,2024-01-14 19:56:36.636689,,prueba_path_5,,,
apify instagram scraper,0.0403683573921091,2024-01-14 19:57:37.722084,,prueba_path_5,,,
gpt-4-vision-preview,0.02591,2024-01-14 19:57:59.130781,,prueba_path_5,,,
gpt-4-1106-preview_function,0.01096,2024-01-14 19:57:59.142172,,prueba_path_5,,,
gpt-4-1106-preview,0.02528,2024-01-14 19:58:15.276213,,prueba_path_5,,,
gpt-4-1106-preview,0.0139,2024-01-14 19:58:29.850473,,prueba_path_5,,,
gpt-4-1106-preview,0.00247,2024-01-14 19:58:49.529856,,prueba_path_5,,,
photoroom,0.15,2024-01-14 19:58:58.082134,,prueba_path_5,,,
gpt-4-1106-preview_function,0.0032,2024-01-14 19:58:58.104131,,prueba_path_5,,,
gpt-4-1106-preview,0.02935,2024-01-14 19:59:03.934186,,prueba_path_5,,,
gpt-4-1106-preview,0.00794,2024-01-14 19:59:12.878697,,prueba_path_5,,,
gpt-4-1106-preview,0.0024,2024-01-14 19:59:43.806499,,prueba_path_5,,,
photoroom,0.15,2024-01-14 19:59:52.866063,,prueba_path_5,,,
gpt-4-1106-preview_function,0.00347,2024-01-14 19:59:52.883991,,prueba_path_5,,,
gpt-4-1106-preview,0.03379,2024-01-14 19:59:58.886392,,prueba_path_5,,,
gpt-4-1106-preview,0.00893,2024-01-14 20:00:08.891298,,prueba_path_5,,,
gpt-4-1106-preview,0.00347,2024-01-14 20:00:46.060993,,prueba_path_5,,,
gpt-4-1106-preview_function,0.00412,2024-01-14 20:00:46.070109,,prueba_path_5,,,
gpt-4-1106-preview,0.0394999999999999,2024-01-14 20:00:57.121731,,prueba_path_5,,,
gpt-4-1106-preview,0.00992,2024-01-14 20:01:06.135811,,prueba_path_5,,,
gpt-4-1106-preview,0.0036,2024-01-14 20:01:36.505864,,prueba_path_5,,,
gpt-4-1106-preview_function,0.00409,2024-01-14 20:01:36.515868,,prueba_path_5,,,
gpt-4-1106-preview,0.04344,2024-01-14 20:01:47.571298,,prueba_path_5,,,
gpt-4-1106-preview,0.0081,2024-01-14 20:01:57.640568,,prueba_path_5,,,
gpt-4-1106-preview,0.01749,2024-01-15 16:45:18.828557,,user_1,,,
gpt-4-1106-preview,0.01464,2024-01-15 16:45:42.625716,,user_1,,,
gpt-4-1106-preview,0.01746,2024-01-16 11:56:19.274828,,prueba_path_6,assistant,,
gpt-4-1106-preview,0.01545,2024-01-16 11:58:55.375654,,prueba_path_6,assistant,,
gpt-4-1106-preview,0.0115299999999999,2024-01-16 11:59:13.957475,,prueba_path_6,json or other function,,
apify website screaper,0.0073071475429584,2024-01-16 12:02:09.557040,,prueba_path_6,apify website screaper,,
gpt-4-1106-preview_function,0.01003,2024-01-16 12:02:09.565073,,prueba_path_6,function,,
gpt-4-1106-preview,0.0227899999999999,2024-01-16 12:02:30.979900,,prueba_path_6,assistant,,
gpt-4-1106-preview,0.01183,2024-01-16 12:02:53.046861,,prueba_path_6,json or other function,,
apify instagram scraper,0.0419277399917162,2024-01-16 12:04:25.732997,,prueba_path_6,apify instagram scraper,,
gpt-4-vision-preview,0.02583,2024-01-16 12:04:35.975404,,prueba_path_6,vision,,
gpt-4-1106-preview_function,0.0111899999999999,2024-01-16 12:04:35.985203,,prueba_path_6,function,,
gpt-4-1106-preview,0.03291,2024-01-16 12:05:07.716279,,prueba_path_6,assistant,,
gpt-4-1106-preview,0.01622,2024-01-16 12:05:37.512395,,prueba_path_6,json or other function,,
dall-e-3,0.04,2024-01-16 12:08:25.141298,,prueba_path_6,photo product,,
gpt-4-1106-preview_function,0.00349,2024-01-16 12:08:26.069492,,prueba_path_6,function,,
gpt-4-1106-preview,0.0365,2024-01-16 12:08:37.545118,,prueba_path_6,assistant,,
gpt-4-1106-preview,0.00757,2024-01-16 12:08:58.408993,,prueba_path_6,json or other function,,
dall-e-3,0.04,2024-01-16 12:23:14.951832,,prueba_path_6,photo product,,
gpt-4-1106-preview_function,0.00392,2024-01-16 12:23:15.806425,,prueba_path_6,function,,
gpt-4-1106-preview,0.04025,2024-01-16 12:23:32.094193,,prueba_path_6,assistant,,
gpt-4-1106-preview,0.0075,2024-01-16 12:23:46.190726,,prueba_path_6,json or other function,,
dall-e-3,0.04,2024-01-16 12:24:41.272029,,prueba_path_6,photo product,,
gpt-4-1106-preview_function,0.00416,2024-01-16 12:24:42.101066,,prueba_path_6,function,,
gpt-4-1106-preview,0.0423999999999999,2024-01-16 12:24:53.017758,,prueba_path_6,assistant,,
gpt-4-1106-preview,0.00548,2024-01-16 12:25:00.917262,,prueba_path_6,json or other function,,
dall-e-3,0.04,2024-01-16 12:26:08.109055,,prueba_path_6,photo product,,
gpt-4-1106-preview_function,0.00435,2024-01-16 12:26:08.845820,,prueba_path_6,function,,
gpt-4-1106-preview,0.0454399999999999,2024-01-16 12:26:19.912716,,prueba_path_6,assistant,,
gpt-4-1106-preview,0.00662,2024-01-16 12:26:30.334199,,prueba_path_6,json or other function,,
gpt-4-1106-preview,0.02095,2024-01-16 13:03:41.419820,,prueba_path_6,assistant,,
gpt-4-1106-preview,0.01937,2024-01-16 13:04:25.869771,,prueba_path_6,json or other function,,
apify website screaper,0.0071498186427272,2024-01-16 13:16:07.411219,,prueba_path_6,apify website screaper,,
gpt-4-1106-preview,0.01137,2024-01-16 13:16:07.425342,,prueba_path_6,function,,
apify instagram scraper,0.0616118977807511,2024-01-16 13:17:45.876551,,prueba_path_6,apify instagram scraper,,
gpt-4-vision-preview,0.02681,2024-01-16 13:17:54.969656,,prueba_path_6,vision,,
gpt-4-vision-preview,0.02437,2024-01-16 13:18:00.398705,,prueba_path_6,vision,,
gpt-4-1106-preview,0.0147599999999999,2024-01-16 13:18:00.411055,,prueba_path_6,function,,
gpt-4-1106-preview,0.0312,2024-01-16 13:18:42.517247,,prueba_path_6,assistant,,
gpt-4-1106-preview,0.01557,2024-01-16 13:19:21.254301,,prueba_path_6,json or other function,,
dall-e-3,0.04,2024-01-16 13:38:20.677919,,prueba_path_6,photo product,,
gpt-4-1106-preview,0.0065099999999999,2024-01-16 13:38:21.516564,,prueba_path_6,function,,
gpt-4-1106-preview,0.03429,2024-01-16 13:38:37.671182,,prueba_path_6,assistant,,
gpt-4-1106-preview,0.00673,2024-01-16 13:38:44.668873,,prueba_path_6,json or other function,,
dall-e-3,0.04,2024-01-16 13:56:12.628296,,prueba_path_6,photo product,,
gpt-4-1106-preview,0.00765,2024-01-16 13:56:13.663007,,prueba_path_6,function,,
gpt-4-1106-preview,0.03746,2024-01-16 13:56:29.933581,,prueba_path_6,assistant,,
gpt-4-1106-preview,0.00729,2024-01-16 13:56:43.899292,,prueba_path_6,json or other function,,
gpt-4-1106-preview,0.01612,2024-01-17 15:53:03.121865,,prueba_path_7,assistant,,
gpt-4-1106-preview,0.01234,2024-01-17 15:53:28.861500,,prueba_path_7,json or other function,,
apify website screaper,0.0075218320014029,2024-01-17 15:57:54.276673,,prueba_path_7,apify website screaper,,
gpt-4-1106-preview,0.01158,2024-01-17 15:57:54.285647,,prueba_path_7,function,,
gpt-4-1106-preview,0.02181,2024-01-17 15:58:10.279338,,prueba_path_7,assistant,,
gpt-4-1106-preview,0.0098999999999999,2024-01-17 15:58:38.810953,,prueba_path_7,json or other function,,
apify instagram scraper,0.0404425278007934,2024-01-17 16:00:05.208941,,prueba_path_7,apify instagram scraper,,
gpt-4-1106-preview,0.00261,2024-01-17 16:00:05.601405,,prueba_path_7,function,,
dall-e-3,0.08,2024-01-17 16:00:30.717677,,prueba_path_7,photo product,,
gpt-4-1106-preview,0.0065699999999999,2024-01-17 16:00:33.176896,,prueba_path_7,function,,
gpt-4-1106-preview,0.02618,2024-01-17 16:00:55.136975,,prueba_path_7,assistant,,
gpt-4-1106-preview,0.00816,2024-01-17 16:01:10.959340,,prueba_path_7,json or other function,,
gpt-4-1106-preview,0.00405,2024-01-17 16:02:21.611664,,prueba_path_7,json or other function,,
gpt-4-1106-preview,0.0085199999999999,2024-01-17 16:02:21.624282,,prueba_path_7,function,,
gpt-4-1106-preview,0.0039,2024-01-17 16:02:47.382680,,prueba_path_7,json or other function,,
gpt-4-1106-preview,0.0085499999999999,2024-01-17 16:02:47.405329,,prueba_path_7,function,,
gpt-4-1106-preview,0.0037199999999999,2024-01-17 16:03:16.921558,,prueba_path_7,json or other function,,
gpt-4-1106-preview,0.0071699999999999,2024-01-17 16:03:16.941949,,prueba_path_7,function,,
gpt-4-1106-preview,0.00402,2024-01-17 16:03:51.413135,,prueba_path_7,json or other function,,
gpt-4-1106-preview,0.00849,2024-01-17 16:03:51.423579,,prueba_path_7,function,,
gpt-4-1106-preview,0.03819,2024-01-17 16:04:02.491713,,prueba_path_7,assistant,,
gpt-4-1106-preview,0.00908,2024-01-17 16:04:26.533192,,prueba_path_7,json or other function,,
gpt-4-1106-preview,0.04509,2024-01-17 16:06:35.368316,,prueba_path_7,assistant,,
gpt-4-1106-preview,0.01022,2024-01-17 16:06:45.639641,,prueba_path_7,json or other function,,
gpt-4-1106-preview,0.05261,2024-01-17 16:10:30.567934,,prueba_path_8,assistant,,
gpt-4-1106-preview,0.01316,2024-01-17 16:10:45.943131,,prueba_path_8,json or other function,,
gpt-4-1106-preview,0.01658,2024-01-17 16:17:31.312252,,prueba_path_8,assistant,,
gpt-4-1106-preview,0.01307,2024-01-17 16:17:44.939897,,prueba_path_8,json or other function,,
apify website screaper,0.0127486731810271,2024-01-17 16:23:53.731613,,prueba_path_8,apify website screaper,,
gpt-4-1106-preview,0.06651,2024-01-17 16:23:53.750148,,prueba_path_8,function,,
gpt-4-1106-preview,0.02538,2024-01-17 16:24:31.035568,,prueba_path_8,assistant,,
gpt-4-1106-preview,0.01109,2024-01-17 16:24:50.329502,,prueba_path_8,json or other function,,
gpt-4-1106-preview,0.00262,2024-01-17 16:25:33.575492,,prueba_path_8,json or other function,,
photoroom,0.15,2024-01-17 16:25:47.412112,,prueba_path_8,photo product,,
gpt-4-1106-preview,0.00465,2024-01-17 16:25:47.434980,,prueba_path_8,function,,
gpt-4-1106-preview,0.02946,2024-01-17 16:25:58.684231,,prueba_path_8,assistant,,
gpt-4-1106-preview,0.00805,2024-01-17 16:26:17.881917,,prueba_path_8,json or other function,,
gpt-4-1106-preview,0.00302,2024-01-17 16:27:39.429371,,prueba_path_8,json or other function,,
photoroom,0.15,2024-01-17 16:27:44.611272,,prueba_path_8,photo product,,
gpt-4-1106-preview,0.00612,2024-01-17 16:27:44.633067,,prueba_path_8,function,,
gpt-4-1106-preview,0.03381,2024-01-17 16:28:12.027009,,prueba_path_8,assistant,,
gpt-4-1106-preview,0.00814,2024-01-17 16:28:26.491233,,prueba_path_8,json or other function,,
gpt-4-1106-preview,0.00394,2024-01-17 16:29:24.439056,,prueba_path_8,json or other function,,
gpt-4-1106-preview,0.00597,2024-01-17 16:29:24.449572,,prueba_path_8,function,,
gpt-4-1106-preview,0.0395299999999999,2024-01-17 16:29:56.630487,,prueba_path_8,assistant,,
gpt-4-1106-preview,0.01052,2024-01-17 16:30:17.288777,,prueba_path_8,json or other function,,
gpt-4-1106-preview,0.04396,2024-01-17 16:30:43.790614,,prueba_path_8,assistant,,
gpt-4-1106-preview,0.00885,2024-01-17 16:30:59.473079,,prueba_path_8,json or other function,,
gpt-4-1106-preview,0.04953,2024-01-17 16:32:10.576448,,prueba_path_8,assistant,,
gpt-4-1106-preview,0.00752,2024-01-17 16:32:21.594189,,prueba_path_8,json or other function,,
gpt-4-1106-preview,0.01733,2024-01-17 16:36:45.638058,,prueba_path_9,assistant,,
gpt-4-1106-preview,0.01431,2024-01-17 16:36:59.499160,,prueba_path_9,json or other function,,
gpt-4-1106-preview,0.0271099999999999,2024-01-17 17:43:16.487439,,prueba_path_9,assistant,,
gpt-4-1106-preview,0.0149799999999999,2024-01-17 17:43:41.917438,,prueba_path_9,json or other function,,
dall-e-3,0.08,2024-01-17 17:45:28.121566,,prueba_path_9,photo product,,
gpt-4-1106-preview,0.00618,2024-01-17 17:45:29.507720,,prueba_path_9,function,,
gpt-4-1106-preview,0.0316599999999999,2024-01-17 17:45:46.284796,,prueba_path_9,assistant,,
gpt-4-1106-preview,0.0084599999999999,2024-01-17 17:45:57.443785,,prueba_path_9,json or other function,,
gpt-4-1106-preview,0.00403,2024-01-17 17:47:10.419330,,prueba_path_9,json or other function,,
gpt-4-1106-preview,0.00741,2024-01-17 17:47:10.426909,,prueba_path_9,function,,
gpt-4-1106-preview,0.03746,2024-01-17 17:47:27.122763,,prueba_path_9,assistant,,
gpt-4-1106-preview,0.01001,2024-01-17 17:47:44.824546,,prueba_path_9,json or other function,,
gpt-4-1106-preview,0.04548,2024-01-17 17:48:13.387362,,prueba_path_9,assistant,,
gpt-4-1106-preview,0.01378,2024-01-17 17:48:28.755006,,prueba_path_9,json or other function,,
gpt-4-1106-preview,0.05895,2024-01-17 18:00:33.278630,,prueba_path_9,assistant,,
gpt-4-1106-preview,0.0210899999999999,2024-01-17 18:01:00.591043,,prueba_path_9,json or other function,,
gpt-4-1106-preview,0.0716499999999999,2024-01-17 18:02:44.931828,,prueba_path_9,assistant,,
gpt-4-1106-preview,0.02029,2024-01-17 18:03:21.889643,,prueba_path_9,json or other function,,
gpt-4-1106-preview,0.01301,2024-01-17 18:21:34.534001,,prueba_path_9,assistant,,
gpt-4-1106-preview,0.00794,2024-01-17 18:21:39.704519,,prueba_path_9,json or other function,,
gpt-4-1106-preview,0.01119,2024-01-20 00:30:13.684363,,prueba_path_9,assistant,,
gpt-4-1106-preview,0.00557,2024-01-20 00:30:17.979130,,prueba_path_9,json or other function,,
gpt-4-1106-preview,0.01092,2024-01-20 00:38:48.720746,,prueba_path_9,assistant,,
gpt-4-1106-preview,0.00521,2024-01-20 00:38:53.669577,,prueba_path_9,json or other function,,
gpt-4-1106-preview,0.01868,2024-01-20 00:39:36.269161,,prueba_path_9,assistant,,
gpt-4-1106-preview,0.01357,2024-01-20 00:39:57.250878,,prueba_path_9,json or other function,,
gpt-4-1106-preview,0.02481,2024-01-20 00:40:50.102095,,prueba_path_9,assistant,,
gpt-4-1106-preview,0.00967,2024-01-20 00:41:01.331302,,prueba_path_9,json or other function,,
gpt-4-1106-preview,0.00211,2024-01-20 00:45:51.779116,,prueba_path_9,json or other function,,
photoroom,0.15,2024-01-20 00:45:57.495150,,prueba_path_9,photo product,,
gpt-4-1106-preview,0.00594,2024-01-20 00:45:57.863918,,prueba_path_9,function,,
gpt-4-1106-preview,0.0168199999999999,2024-01-20 00:46:03.884742,,prueba_path_9,assistant,,
gpt-4-1106-preview,0.00588,2024-01-20 00:46:10.064795,,prueba_path_9,json or other function,,
gpt-4-1106-preview,0.0025,2024-01-20 00:46:48.300253,,prueba_path_9,json or other function,,
gpt-4-1106-preview,0.00579,2024-01-20 00:46:49.018131,,prueba_path_9,function,,
gpt-4-1106-preview,0.00244,2024-01-20 00:47:01.375378,,prueba_path_9,json or other function,,
gpt-4-1106-preview,0.00594,2024-01-20 00:47:02.382006,,prueba_path_9,function,,
gpt-4-1106-preview,0.00226,2024-01-20 00:47:19.839336,,prueba_path_9,json or other function,,
gpt-4-1106-preview,0.00573,2024-01-20 00:47:20.559222,,prueba_path_9,function,,
gpt-4-1106-preview,0.00247,2024-01-20 00:47:38.783633,,prueba_path_9,json or other function,,
gpt-4-1106-preview,0.00597,2024-01-20 00:47:39.401809,,prueba_path_9,function,,
gpt-4-1106-preview,0.0266,2024-01-20 00:47:50.394900,,prueba_path_9,assistant,,
gpt-4-1106-preview,0.00749,2024-01-20 00:47:57.932819,,prueba_path_9,json or other function,,
dall-e-3,0.08,2024-01-20 00:50:07.876369,,prueba_path_9,photo product,,
gpt-4-1106-preview,0.00582,2024-01-20 00:50:08.840963,,prueba_path_9,function,,
gpt-4-1106-preview,0.02973,2024-01-20 00:50:14.569151,,prueba_path_9,assistant,,
gpt-4-1106-preview,0.00668,2024-01-20 00:50:20.328434,,prueba_path_9,json or other function,,
gpt-4-1106-preview,0.0344,2024-01-20 00:53:00.421443,,prueba_path_9,assistant,,
gpt-4-1106-preview,0.0089699999999999,2024-01-20 00:53:12.113514,,prueba_path_9,json or other function,,
dall-e-3,0.08,2024-01-20 00:54:07.900369,,prueba_path_9,photo product,,
gpt-4-1106-preview,0.00612,2024-01-20 00:54:08.760032,,prueba_path_9,function,,
gpt-4-1106-preview,0.0420899999999999,2024-01-20 00:54:19.947158,,prueba_path_9,assistant,,
gpt-4-1106-preview,0.00737,2024-01-20 00:54:27.051339,,prueba_path_9,json or other function,,
gpt-4-1106-preview,0.0182999999999999,2024-01-20 02:25:43.746603,,ramiro,assistant,,
gpt-4-1106-preview,0.01547,2024-01-20 02:26:01.575447,,ramiro,json or other function,,
apify instagram scraper,0.0402865089332527,2024-01-20 02:28:07.870084,,ramiro,apify instagram scraper,,
gpt-4-1106-preview,0.00279,2024-01-20 02:28:08.152235,,ramiro,function,,
apify website screaper,0.0084117222937544,2024-01-20 02:28:32.917815,,ramiro,apify website screaper,,
gpt-4-1106-preview,0.01155,2024-01-20 02:28:32.928148,,ramiro,function,,
gpt-4-1106-preview,0.02632,2024-01-20 02:28:49.098367,,ramiro,assistant,,
gpt-4-1106-preview,0.01333,2024-01-20 02:29:02.921753,,ramiro,json or other function,,
dall-e-3,0.08,2024-01-20 02:30:38.337001,,ramiro,photo product,,
gpt-4-1106-preview,0.00531,2024-01-20 02:30:39.901667,,ramiro,function,,
gpt-4-1106-preview,0.03695,2024-01-20 02:30:56.111291,,ramiro,assistant,,
gpt-4-1106-preview,0.00818,2024-01-20 02:31:03.714557,,ramiro,json or other function,,
gpt-4-vision-preview,0.02506,2024-01-20 02:32:14.948420,,ramiro,vision,,
gpt-4-1106-preview,0.0123899999999999,2024-01-20 02:32:14.957236,,ramiro,function,,
gpt-4-1106-preview,0.00288,2024-01-20 02:32:28.553226,,ramiro,json or other function,,
photoroom,0.15,2024-01-20 02:32:41.448836,,ramiro,photo product,,
gpt-4-1106-preview,0.00618,2024-01-20 02:32:41.470818,,ramiro,function,,
gpt-4-1106-preview,0.0419099999999999,2024-01-20 02:32:52.467767,,ramiro,assistant,,
gpt-4-1106-preview,0.0088099999999999,2024-01-20 02:32:56.805863,,ramiro,json or other function,,
gpt-4-1106-preview,0.00399,2024-01-20 02:33:42.192097,,ramiro,json or other function,,
gpt-4-1106-preview,0.00714,2024-01-20 02:33:42.204456,,ramiro,function,,
gpt-4-1106-preview,0.04751,2024-01-20 02:33:53.603658,,ramiro,assistant,,
gpt-4-1106-preview,0.01032,2024-01-20 02:34:07.890673,,ramiro,json or other function,,
dall-e-3,0.08,2024-01-20 02:36:09.116950,,ramiro,photo product,,
gpt-4-1106-preview,0.0052799999999999,2024-01-20 02:36:10.425772,,ramiro,function,,
gpt-4-1106-preview,0.05164,2024-01-20 02:36:16.368390,,ramiro,assistant,,
gpt-4-1106-preview,0.0073499999999999,2024-01-20 02:36:19.557495,,ramiro,json or other function,,
gpt-4-1106-preview,0.0576,2024-01-20 16:48:42.505405,,prueba_rigurosa_1,assistant,,
gpt-4-1106-preview,0.01095,2024-01-20 16:48:54.524265,,prueba_rigurosa_1,json or other function,,
apify instagram scraper,0.0471160924312538,2024-01-20 16:53:04.710318,,prueba_rigurosa_1,apify instagram scraper,,
gpt-4-vision-preview,0.02485,2024-01-20 16:53:14.043056,,prueba_rigurosa_1,vision,,
apify website screaper,0.0079766804885963,2024-01-20 16:53:32.251440,,prueba_rigurosa_1,apify website screaper,,
gpt-4-1106-preview,0.0231,2024-01-20 16:53:32.263896,,prueba_rigurosa_1,function,,
gpt-4-1106-preview,0.06887,2024-01-20 16:53:49.945438,,prueba_rigurosa_1,assistant,,
gpt-4-1106-preview,0.01749,2024-01-20 16:54:04.626525,,prueba_rigurosa_1,json or other function,,
gpt-4-1106-preview,0.07675,2024-01-20 16:55:41.380239,,prueba_rigurosa_1,assistant,,
gpt-4-1106-preview,0.01285,2024-01-20 16:55:56.242983,,prueba_rigurosa_1,json or other function,,
gpt-4-1106-preview,0.0859299999999999,2024-01-20 16:56:20.551104,,prueba_rigurosa_1,assistant,,
gpt-4-1106-preview,0.00341,2024-01-20 16:56:21.727675,,prueba_rigurosa_1,json or other function,,
gpt-4-1106-preview,0.08495,2024-01-20 16:57:20.223056,,prueba_rigurosa_1,assistant,,
gpt-4-1106-preview,0.00341,2024-01-20 16:57:22.126739,,prueba_rigurosa_1,json or other function,,
gpt-4-1106-preview,0.08423,2024-01-20 16:58:13.429772,,prueba_rigurosa_1,assistant,,
gpt-4-1106-preview,0.00437,2024-01-20 16:58:16.498100,,prueba_rigurosa_1,json or other function,,
gpt-4-1106-preview,0.08465,2024-01-20 16:59:07.040846,,prueba_rigurosa_1,assistant,,
gpt-4-1106-preview,0.0046099999999999,2024-01-20 16:59:09.234440,,prueba_rigurosa_1,json or other function,,
gpt-4-1106-preview,0.0862999999999999,2024-01-20 16:59:45.916834,,prueba_rigurosa_1,assistant,,
gpt-4-1106-preview,0.00497,2024-01-20 16:59:48.800075,,prueba_rigurosa_1,json or other function,,
gpt-4-1106-preview,0.01682,2024-01-20 17:03:52.101966,,pruebas_rigurosas_1,assistant,,
gpt-4-1106-preview,0.01342,2024-01-20 17:04:00.969494,,pruebas_rigurosas_1,json or other function,,
apify website screaper,0.030007912937704,2024-01-20 17:09:37.609117,,pruebas_rigurosas_1,apify website screaper,,
gpt-4-1106-preview,0.01113,2024-01-20 17:09:37.622134,,pruebas_rigurosas_1,function,,
gpt-4-1106-preview,0.02333,2024-01-20 17:09:54.046450,,pruebas_rigurosas_1,assistant,,
gpt-4-1106-preview,0.01122,2024-01-20 17:10:02.798366,,pruebas_rigurosas_1,json or other function,,
apify instagram scraper,0.0543441206169244,2024-01-20 17:11:36.918515,,pruebas_rigurosas_1,apify instagram scraper,,
gpt-4-vision-preview,0.02782,2024-01-20 17:11:46.877883,,pruebas_rigurosas_1,vision,,
gpt-4-vision-preview,0.0250899999999999,2024-01-20 17:11:57.511922,,pruebas_rigurosas_1,vision,,
gpt-4-1106-preview,0.02166,2024-01-20 17:11:57.520998,,pruebas_rigurosas_1,function,,
gpt-4-1106-preview,0.03319,2024-01-20 17:12:18.814745,,pruebas_rigurosas_1,assistant,,
gpt-4-1106-preview,0.01618,2024-01-20 17:12:35.029203,,pruebas_rigurosas_1,json or other function,,
gpt-4-1106-preview,0.0422799999999999,2024-01-20 17:13:35.385676,,pruebas_rigurosas_1,assistant,,
gpt-4-1106-preview,0.0144999999999999,2024-01-20 17:14:04.396722,,pruebas_rigurosas_1,json or other function,,
gpt-4-1106-preview,0.0532,2024-01-20 17:19:37.412817,,pruebas_rigurosas_1,assistant,,
gpt-4-1106-preview,0.0168499999999999,2024-01-20 17:19:47.089719,,pruebas_rigurosas_1,json or other function,,
gpt-4-1106-preview,0.06231,2024-01-20 17:20:26.334611,,pruebas_rigurosas_1,assistant,,
gpt-4-1106-preview,0.01517,2024-01-20 17:20:45.589596,,pruebas_rigurosas_1,json or other function,,
dall-e-3,0.08,2024-01-20 17:21:54.560849,,pruebas_rigurosas_1,photo product,,
gpt-4-1106-preview,0.00807,2024-01-20 17:21:55.506782,,pruebas_rigurosas_1,function,,
gpt-4-1106-preview,0.06716,2024-01-20 17:22:06.896350,,pruebas_rigurosas_1,assistant,,
gpt-4-1106-preview,0.00859,2024-01-20 17:22:11.702389,,pruebas_rigurosas_1,json or other function,,
dall-e-3,0.08,2024-01-20 17:23:08.334937,,pruebas_rigurosas_1,photo product,,
gpt-4-1106-preview,0.00819,2024-01-20 17:23:09.371351,,pruebas_rigurosas_1,function,,
gpt-4-1106-preview,0.0754499999999999,2024-01-20 17:23:30.743236,,pruebas_rigurosas_1,assistant,,
gpt-4-1106-preview,0.0084,2024-01-20 17:23:38.260268,,pruebas_rigurosas_1,json or other function,,
dall-e-3,0.08,2024-01-20 17:24:23.686112,,pruebas_rigurosas_1,photo product,,
gpt-4-1106-preview,0.00891,2024-01-20 17:24:24.748664,,pruebas_rigurosas_1,function,,
gpt-4-1106-preview,0.08446,2024-01-20 17:24:35.901362,,pruebas_rigurosas_1,assistant,,
gpt-4-1106-preview,0.00874,2024-01-20 17:24:43.501538,,pruebas_rigurosas_1,json or other function,,
dall-e-3,0.08,2024-01-20 17:26:18.221048,,pruebas_rigurosas_1,photo product,,
gpt-4-1106-preview,0.0081,2024-01-20 17:26:19.171363,,pruebas_rigurosas_1,function,,
gpt-4-1106-preview,0.0867,2024-01-20 17:26:30.392679,,pruebas_rigurosas_1,assistant,,
gpt-4-1106-preview,0.00874,2024-01-20 17:26:38.494606,,pruebas_rigurosas_1,json or other function,,
gpt-4-1106-preview,0.00442,2024-01-20 17:27:26.940806,,pruebas_rigurosas_1,json or other function,,
gpt-4-1106-preview,0.0105899999999999,2024-01-20 17:27:26.949139,,pruebas_rigurosas_1,function,,
gpt-4-1106-preview,0.0862899999999999,2024-01-20 17:27:43.447816,,pruebas_rigurosas_1,assistant,,
gpt-4-1106-preview,0.00832,2024-01-20 17:27:53.739440,,pruebas_rigurosas_1,json or other function,,
gpt-4-1106-preview,0.0049,2024-01-20 17:29:47.972757,,pruebas_rigurosas_1,json or other function,,
gpt-4-1106-preview,0.01116,2024-01-20 17:29:47.982753,,pruebas_rigurosas_1,function,,
gpt-4-1106-preview,0.08157,2024-01-20 17:30:04.496233,,pruebas_rigurosas_1,assistant,,
gpt-4-1106-preview,0.00826,2024-01-20 17:30:11.913765,,pruebas_rigurosas_1,json or other function,,
gpt-4-1106-preview,0.00409,2024-01-20 17:31:00.694256,,pruebas_rigurosas_1,json or other function,,
gpt-4-1106-preview,0.01023,2024-01-20 17:31:00.703302,,pruebas_rigurosas_1,function,,
gpt-4-1106-preview,0.07781,2024-01-20 17:31:17.425276,,pruebas_rigurosas_1,assistant,,
gpt-4-1106-preview,0.00826,2024-01-20 17:31:26.032841,,pruebas_rigurosas_1,json or other function,,
gpt-3.5-turbo-1106,0.0013952399999999,2024-01-20 21:55:11.809449,,pruebas_rigurosas_2,assistant,929.0,64.0
gpt-4-1106-preview,0.0074052,2024-01-20 21:55:15.331891,,pruebas_rigurosas_2,json or other function,357.0,68.0
gpt-3.5-turbo-1106,0.0016051199999999,2024-01-20 21:55:35.671050,,pruebas_rigurosas_2,assistant,944.0,136.0
gpt-4-1106-preview,0.0078276,2024-01-20 21:55:39.569259,,pruebas_rigurosas_2,json or other function,365.0,76.0
apify instagram scraper,0.0534353664524621,2024-01-20 21:57:28.477317,,pruebas_rigurosas_2,apify instagram scraper,0.0,0.0
gpt-4-vision-preview,0.0306576,2024-01-20 21:57:38.103904,,pruebas_rigurosas_2,vision,843.0,300.0
gpt-4-vision-preview,0.0341688,2024-01-20 21:57:51.108222,,pruebas_rigurosas_2,vision,1109.0,300.0
gpt-4-vision-preview,0.0334428,2024-01-20 21:57:59.402491,,pruebas_rigurosas_2,vision,1054.0,300.0
gpt-4-vision-preview,0.0213119999999999,2024-01-20 21:58:03.095717,,pruebas_rigurosas_2,vision,975.0,20.0
apify website scraper,0.006726781965658,2024-01-20 21:58:18.122696,,pruebas_rigurosas_2,apify website scraper,0.0,0.0
gpt-3.5-turbo-1106,0.0037329599999999,2024-01-20 21:58:18.134363,,pruebas_rigurosas_2,function,0.0,1414.0
gpt-3.5-turbo-1106,0.00187836,2024-01-20 21:58:24.171593,,pruebas_rigurosas_2,assistant,981.0,221.0
gpt-4-1106-preview,0.008514,2024-01-20 21:58:27.467428,,pruebas_rigurosas_2,json or other function,378.0,89.0
gpt-3.5-turbo-1106,0.00222816,2024-01-20 21:58:49.097974,,pruebas_rigurosas_2,assistant,1000.0,344.0
gpt-4-1106-preview,0.0105204,2024-01-20 21:58:54.736409,,pruebas_rigurosas_2,json or other function,416.0,127.0
gpt-3.5-turbo-1106,0.00254232,2024-01-20 21:59:24.160410,,pruebas_rigurosas_2,assistant,1022.0,452.0
gpt-4-1106-preview,0.0097284,2024-01-20 21:59:29.440538,,pruebas_rigurosas_2,json or other function,401.0,112.0
gpt-3.5-turbo-1106,0.00295284,2024-01-20 21:59:54.982978,,pruebas_rigurosas_2,assistant,1045.0,596.0
gpt-4-1106-preview,0.010956,2024-01-20 21:59:59.509347,,pruebas_rigurosas_2,json or other function,437.0,131.0
dall-e-3,0.04,2024-01-20 22:00:31.343533,,pruebas_rigurosas_2,photo product,0.0,0.0
gpt-3.5-turbo-1106,0.00049632,2024-01-20 22:00:32.366992,,pruebas_rigurosas_2,function,0.0,188.0
gpt-3.5-turbo-1106,0.0032274,2024-01-20 22:00:38.152063,,pruebas_rigurosas_2,assistant,1059.0,693.0
gpt-4-1106-preview,0.009108,2024-01-20 22:00:44.317373,,pruebas_rigurosas_2,json or other function,390.0,100.0
gpt-3.5-turbo-1106,0.00347952,2024-01-20 22:01:05.420282,,pruebas_rigurosas_2,assistant,1082.0,777.0
gpt-4-1106-preview,0.0084612,2024-01-20 22:01:11.361231,,pruebas_rigurosas_2,json or other function,377.0,88.0
gpt-3.5-turbo-1106,0.000396,2024-01-20 22:01:21.441572,,pruebas_rigurosas_2,function,0.0,150.0
gpt-4-1106-preview,0.0031944,2024-01-20 22:01:29.016478,,pruebas_rigurosas_2,json or other function,149.0,31.0
gpt-3.5-turbo-1106,0.00138204,2024-01-20 22:05:32.461215,,pruebas_rigurosas_2,assistant,929.0,59.0
gpt-4-1106-preview,0.0071016,2024-01-20 22:05:36.209383,,pruebas_rigurosas_2,json or other function,352.0,62.0
apify website scraper,0.0215739051367888,2024-01-20 22:07:17.507528,,pruebas_rigurosas_2,apify website scraper,0.0,0.0
gpt-3.5-turbo-1106,0.00673992,2024-01-20 22:07:17.528270,,pruebas_rigurosas_2,function,0.0,2553.0
gpt-3.5-turbo-1106,0.0016236,2024-01-20 22:07:23.520312,,pruebas_rigurosas_2,assistant,986.0,122.0
gpt-3.5-turbo-1106,0.00187836,2024-01-20 22:26:49.160877,,pruebas_rigurosas_2,assistant,1325.0,49.0
gpt-4-1106-preview,0.0066132,2024-01-20 22:26:52.438713,,pruebas_rigurosas_2,json or other function,342.0,53.0
gpt-3.5-turbo-1106,0.00221364,2024-01-20 22:27:04.478705,,pruebas_rigurosas_2,assistant,1339.0,169.0
gpt-4-1106-preview,0.01056,2024-01-20 22:27:08.406552,,pruebas_rigurosas_2,json or other function,413.0,129.0
apify website scraper,0.0071977875765462,2024-01-20 22:29:45.980966,,pruebas_rigurosas_2,apify website scraper,0.0,0.0
gpt-3.5-turbo-1106,0.00083688,2024-01-20 22:29:45.991308,,pruebas_rigurosas_2,function,0.0,317.0
gpt-3.5-turbo-1106,0.00276408,2024-01-20 22:29:51.908285,,pruebas_rigurosas_2,assistant,1458.0,318.0
gpt-4-1106-preview,0.0118932,2024-01-20 22:29:56.345163,,pruebas_rigurosas_2,json or other function,442.0,153.0
dall-e-3,0.04,2024-01-20 22:30:58.684489,,pruebas_rigurosas_2,photo product,0.0,0.0
gpt-3.5-turbo-1106,0.00058872,2024-01-20 22:30:59.637680,,pruebas_rigurosas_2,function,0.0,223.0
gpt-4-1106-preview,0.0065736,2024-01-20 22:31:12.330841,,pruebas_rigurosas_2,json or other function,204.0,98.0
gpt-3.5-turbo-1106,0.0007761599999999,2024-01-20 22:31:12.343066,,pruebas_rigurosas_2,function,0.0,294.0
gpt-3.5-turbo-1106,0.00334752,2024-01-20 22:31:18.125871,,pruebas_rigurosas_2,assistant,1512.0,512.0
gpt-4-1106-preview,0.0090552,2024-01-20 22:31:25.247428,,pruebas_rigurosas_2,json or other function,398.0,96.0
gpt-3.5-turbo-1106,0.00364452,2024-01-20 22:31:46.691266,,pruebas_rigurosas_2,assistant,1529.0,616.0
gpt-4-1106-preview,0.0090816,2024-01-20 22:31:50.743979,,pruebas_rigurosas_2,json or other function,397.0,97.0
dall-e-3,0.04,2024-01-20 22:32:17.112312,,pruebas_rigurosas_2,photo product,0.0,0.0
gpt-3.5-turbo-1106,0.000594,2024-01-20 22:32:18.102681,,pruebas_rigurosas_2,function,0.0,225.0
gpt-3.5-turbo-1106,0.00381612,2024-01-20 22:32:24.036714,,pruebas_rigurosas_2,assistant,1541.0,675.0
gpt-4-1106-preview,0.0069035999999999,2024-01-20 22:32:28.604417,,pruebas_rigurosas_2,json or other function,352.0,57.0
apify website scraper,0.0096330988854666,2024-01-20 22:34:42.260403,,pruebas_rigurosas_2,apify website scraper,0.0,0.0
gpt-3.5-turbo-1106,0.00086328,2024-01-20 22:34:42.661339,,pruebas_rigurosas_2,function,0.0,327.0
gpt-3.5-turbo-1106,0.00216612,2024-01-20 22:34:48.789042,,pruebas_rigurosas_2,assistant,1479.0,81.0
gpt-4-1106-preview,0.008382,2024-01-20 22:34:53.781906,,pruebas_rigurosas_2,json or other function,374.0,87.0
apify instagram scraper,0.0531151346837679,2024-01-20 22:36:36.125991,,pruebas_rigurosas_2,apify instagram scraper,0.0,0.0
gpt-4-vision-preview,0.0305652,2024-01-20 22:36:45.609279,,pruebas_rigurosas_2,vision,836.0,300.0
gpt-3.5-turbo-1106,0.0010692,2024-01-20 22:36:45.618933,,pruebas_rigurosas_2,function,0.0,405.0
dall-e-3,0.04,2024-01-20 22:37:01.006098,,pruebas_rigurosas_2,photo product,0.0,0.0
gpt-3.5-turbo-1106,0.00057024,2024-01-20 22:37:01.936148,,pruebas_rigurosas_2,function,0.0,216.0
gpt-4-1106-preview,0.0047256,2024-01-20 22:37:11.405879,,pruebas_rigurosas_2,json or other function,208.0,50.0
gpt-3.5-turbo-1106,0.0006336,2024-01-20 22:37:11.416976,,pruebas_rigurosas_2,function,0.0,240.0
gpt-3.5-turbo-1106,0.0029660399999999,2024-01-20 22:37:17.177698,,pruebas_rigurosas_2,assistant,1501.0,373.0
gpt-4-1106-preview,0.011814,2024-01-20 22:37:21.916523,,pruebas_rigurosas_2,json or other function,436.0,153.0
apify website scraper,0.0243836255471789,2024-01-20 22:43:25.500198,,pruebas_rigurosas_2,apify website scraper,0.0,0.0
gpt-3.5-turbo-1106,0.00083688,2024-01-20 22:43:25.904623,,pruebas_rigurosas_2,function,0.0,317.0
apify instagram scraper,0.0313455257523506,2024-01-20 22:44:10.983742,,pruebas_rigurosas_2,apify instagram scraper,0.0,0.0
gpt-4-vision-preview,0.0305652,2024-01-20 22:44:27.227903,,pruebas_rigurosas_2,vision,836.0,300.0
gpt-3.5-turbo-1106,0.0010744799999999,2024-01-20 22:44:27.238648,,pruebas_rigurosas_2,function,0.0,407.0
dall-e-3,0.04,2024-01-20 22:44:42.012653,,pruebas_rigurosas_2,photo product,0.0,0.0
dall-e-3,0.04,2024-01-20 22:44:52.300844,,pruebas_rigurosas_2,photo product,0.0,0.0
gpt-3.5-turbo-1106,0.00096888,2024-01-20 22:44:53.251561,,pruebas_rigurosas_2,function,0.0,367.0
gpt-4-1106-preview,0.0102036,2024-01-20 22:45:10.071859,,pruebas_rigurosas_2,json or other function,194.0,193.0
gpt-3.5-turbo-1106,0.0009187199999999,2024-01-20 22:45:10.082893,,pruebas_rigurosas_2,function,0.0,348.0
gpt-3.5-turbo-1106,0.00263472,2024-01-20 22:45:15.870782,,pruebas_rigurosas_2,assistant,1486.0,255.0
gpt-4-1106-preview,0.0126192,2024-01-20 22:45:29.935635,,pruebas_rigurosas_2,json or other function,446.0,170.0
apify website scraper,0.0060686026875376,2024-01-20 22:52:23.630032,,pruebas_rigurosas_2,apify website scraper,0.0,0.0
gpt-3.5-turbo-1106,0.00083688,2024-01-20 22:52:24.060891,,pruebas_rigurosas_2,function,0.0,317.0
apify website scraper,0.006602128442948,2024-01-20 22:55:52.467275,,pruebas_rigurosas_2,apify website scraper,0.0,0.0
gpt-3.5-turbo-1106,0.00084744,2024-01-20 22:55:52.875807,,pruebas_rigurosas_2,function,0.0,321.0
apify instagram scraper,0.0358243208063989,2024-01-20 22:56:42.204385,,pruebas_rigurosas_2,apify instagram scraper,0.0,0.0
gpt-4-vision-preview,0.0305652,2024-01-20 22:56:50.526723,,pruebas_rigurosas_2,vision,836.0,300.0
gpt-3.5-turbo-1106,0.00133848,2024-01-20 22:56:50.545745,,pruebas_rigurosas_2,function,0.0,507.0
gpt-3.5-turbo-1106,0.00231528,2024-01-20 22:56:56.393717,,pruebas_rigurosas_2,assistant,1678.0,38.0
gpt-4-1106-preview,0.0060324,2024-01-20 22:56:59.307051,,pruebas_rigurosas_2,json or other function,331.0,42.0
apify website scraper,0.0105548534818059,2024-01-21 00:29:06.463038,,pruebas_rigurosas_2,apify website scraper,0.0,0.0
apify instagram scraper,0.04370125335421,2024-01-21 00:30:08.950398,,pruebas_rigurosas_2,apify instagram scraper,0.0,0.0
gpt-4-1106-preview,0.00275,2024-01-21 00:30:17.224221,,pruebas_rigurosas_2,json or other function,176.0,33.0
apify website scraper,0.008012495189122,2024-01-21 00:39:36.287405,,pruebas_rigurosas_2,apify website scraper,0.0,0.0
dall-e-3,0.04,2024-01-21 00:40:04.610168,,pruebas_rigurosas_2,photo product,0.0,0.0
gpt-4-1106-preview,0.00406,2024-01-21 00:40:12.754858,,pruebas_rigurosas_2,json or other function,214.0,64.0
apify website scraper,0.0090793837607039,2024-01-21 00:42:55.771305,,pruebas_rigurosas_2,apify website scraper,0.0,0.0
gpt-4-1106-preview,0.00457,2024-01-21 00:43:09.652361,,pruebas_rigurosas_2,json or other function,154.0,101.0
gpt-3.5-turbo-1106,0.0024989999999999,2024-01-21 00:46:09.675994,,pruebas_rigurosas_2,assistant,2445.0,27.0
gpt-4-1106-preview,0.00417,2024-01-21 00:46:12.447936,,pruebas_rigurosas_2,json or other function,321.0,32.0
gpt-3.5-turbo-1106,0.005255,2024-01-21 00:46:26.586379,,pruebas_rigurosas_2,assistant,5005.0,125.0
gpt-4-1106-preview,0.00762,2024-01-21 00:46:33.646085,,pruebas_rigurosas_2,json or other function,405.0,119.0
gpt-3.5-turbo-1106,0.002588,2024-01-21 00:47:34.743412,,pruebas_rigurosas_2,assistant,2472.0,58.0
gpt-4-1106-preview,0.00541,2024-01-21 00:47:38.464021,,pruebas_rigurosas_2,json or other function,352.0,63.0
gpt-4-1106-preview,0.02692,2024-01-21 00:56:07.661847,,pruebas_rigurosas_2,assistant,1933.0,253.0
gpt-4-1106-preview,0.01351,2024-01-21 00:56:26.433923,,pruebas_rigurosas_2,json or other function,547.0,268.0
gpt-4-1106-preview,0.02596,2024-01-23 21:34:15.607468,,prueba_final_01,assistant,1933.0,221.0
gpt-4-1106-preview,0.01223,2024-01-23 21:34:30.291355,,prueba_final_01,json or other function,515.0,236.0
apify website scraper,0.0048129750268542,2024-01-23 21:35:39.466040,,prueba_final_01,apify website scraper,0.0,0.0
gpt-4-1106-preview,0.05593,2024-01-23 21:36:05.968992,,prueba_final_01,assistant,4639.0,318.0
gpt-4-1106-preview,0.01508,2024-01-23 21:36:36.795290,,prueba_final_01,json or other function,587.0,307.0
apify instagram scraper,0.0420470542211482,2024-01-23 21:40:20.979279,,prueba_final_01,apify instagram scraper,0.0,0.0
gpt-4-1106-preview,0.06395,2024-01-23 21:40:31.977738,,prueba_final_01,assistant,5777.0,206.0
gpt-4-1106-preview,0.01054,2024-01-23 21:40:50.965784,,prueba_final_01,json or other function,481.0,191.0
gpt-4-1106-preview,0.0397,2024-01-23 21:43:02.076905,,prueba_final_01,assistant,3157.0,271.0
gpt-4-1106-preview,0.01402,2024-01-23 21:43:13.961255,,prueba_final_01,json or other function,565.0,279.0
gpt-4-1106-preview,0.04647,2024-01-23 21:44:26.443402,,prueba_final_01,assistant,3459.0,396.0
gpt-4-1106-preview,0.01881,2024-01-23 21:45:00.721338,,prueba_final_01,json or other function,690.0,397.0
dall-e-3,0.04,2024-01-23 21:45:57.511565,,prueba_final_01,photo product,0.0,0.0
gpt-4-1106-preview,0.08828,2024-01-23 21:46:36.842735,,prueba_final_01,assistant,7910.0,306.0
gpt-4-1106-preview,0.01065,2024-01-23 21:46:43.390110,,prueba_final_01,json or other function,477.0,196.0
dall-e-3,0.04,2024-01-23 21:48:26.402573,,prueba_final_01,photo product,0.0,0.0
gpt-4-1106-preview,0.09967,2024-01-23 21:48:48.483855,,prueba_final_01,assistant,8851.0,372.0
gpt-4-1106-preview,0.00898,2024-01-23 21:49:04.864168,,prueba_final_01,json or other function,436.0,154.0
dall-e-3,0.04,2024-01-23 21:50:32.274134,,prueba_final_01,photo product,0.0,0.0
gpt-4-1106-preview,0.10773,2024-01-23 21:50:49.248818,,prueba_final_01,assistant,9756.0,339.0
gpt-4-1106-preview,0.0076399999999999,2024-01-23 21:50:58.980704,,prueba_final_01,json or other function,416.0,116.0
gpt-4-1106-preview,0.00425,2024-01-23 21:52:27.655513,,prueba_final_01,json or other function,221.0,68.0
gpt-4-1106-preview,0.0037599999999999,2024-01-23 21:52:53.815732,,prueba_final_01,json or other function,238.0,46.0
gpt-4-1106-preview,0.00753,2024-01-23 21:53:46.747079,,prueba_final_01,json or other function,222.0,177.0
gpt-4-1106-preview,0.00605,2024-01-23 21:54:20.233984,,prueba_final_01,json or other function,233.0,124.0
gpt-4-1106-preview,0.0035499999999999,2024-01-23 21:54:49.990846,,prueba_final_01,json or other function,238.0,39.0
gpt-4-1106-preview,0.00392,2024-01-23 21:55:34.330246,,prueba_final_01,json or other function,215.0,59.0
gpt-4-1106-preview,0.8017,2024-01-23 21:55:45.512250,,prueba_final_01,assistant,75166.0,1668.0
gpt-4-1106-preview,0.0064899999999999,2024-01-23 21:55:49.280557,,prueba_final_01,json or other function,379.0,90.0
gpt-4-1106-preview,0.08104,2024-01-23 21:56:21.573073,,prueba_final_01,assistant,7468.0,212.0
gpt-4-1106-preview,0.0064899999999999,2024-01-23 21:56:30.751780,,prueba_final_01,json or other function,379.0,90.0
gpt-4-1106-preview,0.08096,2024-01-23 21:57:10.716488,,prueba_final_01,assistant,7688.0,136.0
gpt-4-1106-preview,0.0064899999999999,2024-01-23 21:57:18.777298,,prueba_final_01,json or other function,379.0,90.0
gpt-4-1106-preview,0.02686,2024-01-23 22:50:51.649780,,prueba_final_01,assistant,1933.0,251.0
gpt-4-1106-preview,0.00446,2024-01-23 22:50:54.033829,,prueba_final_01,json or other function,302.0,48.0
gpt-4-1106-preview,0.02443,2024-01-23 22:52:33.014690,,prueba_final_01,assistant,1933.0,170.0
gpt-4-1106-preview,0.01019,2024-01-23 22:52:40.261383,,prueba_final_01,json or other function,464.0,185.0
gpt-4-1106-preview,0.0264,2024-01-23 22:53:58.849690,,prueba_final_02,assistant,2115.0,175.0
gpt-4-1106-preview,0.00947,2024-01-23 22:54:11.019382,,prueba_final_02,json or other function,464.0,161.0
gpt-4-1106-preview,0.02982,2024-01-23 22:58:51.170622,,prueba_final_02,assistant,2352.0,210.0
gpt-4-1106-preview,0.00989,2024-01-23 22:59:01.802356,,prueba_final_02,json or other function,464.0,175.0
gpt-4-1106-preview,0.03331,2024-01-23 23:00:03.459132,,prueba_final_02,assistant,2581.0,250.0
gpt-4-1106-preview,0.0095599999999999,2024-01-23 23:00:14.610295,,prueba_final_02,json or other function,464.0,164.0
apify instagram scraper,0.0436973585493084,2024-01-23 23:02:21.692382,,prueba_final_02,apify instagram scraper,0.0,0.0
apify instagram scraper,0.0601015504071712,2024-01-23 23:03:43.737453,,prueba_final_02,apify instagram scraper,0.0,0.0
gpt-4-vision-preview,0.01825,2024-01-23 23:03:46.921653,,prueba_final_02,vision,1024.0,12.0
gpt-4-vision-preview,0.03068,2024-01-23 23:03:55.585589,,prueba_final_02,vision,1403.0,300.0
gpt-4-vision-preview,0.02689,2024-01-23 23:04:10.228175,,prueba_final_02,vision,1024.0,300.0
gpt-4-vision-preview,0.0305299999999999,2024-01-23 23:04:29.483679,,prueba_final_02,vision,1403.0,295.0
gpt-4-vision-preview,0.01828,2024-01-23 23:04:32.816405,,prueba_final_02,vision,1024.0,13.0
gpt-4-vision-preview,0.02689,2024-01-23 23:04:50.402953,,prueba_final_02,vision,1024.0,300.0
gpt-4-vision-preview,0.02689,2024-01-23 23:05:12.592652,,prueba_final_02,vision,1024.0,300.0
gpt-4-vision-preview,0.02689,2024-01-23 23:05:23.664618,,prueba_final_02,vision,1024.0,300.0
gpt-4-vision-preview,0.02712,2024-01-23 23:05:32.263863,,prueba_final_02,vision,1047.0,300.0
gpt-4-vision-preview,0.02728,2024-01-23 23:05:45.407160,,prueba_final_02,vision,1063.0,300.0
gpt-4-vision-preview,0.02689,2024-01-23 23:06:00.980537,,prueba_final_02,vision,1024.0,300.0
gpt-4-1106-preview,0.09773,2024-01-23 23:06:29.119292,,prueba_final_02,assistant,8843.0,310.0
gpt-4-1106-preview,0.00545,2024-01-23 23:06:33.885395,,prueba_final_02,json or other function,353.0,64.0
gpt-4-1106-preview,0.0247,2024-01-23 23:07:24.301457,,prueba_final_02,assistant,1933.0,179.0
gpt-4-1106-preview,0.01052,2024-01-23 23:07:44.289823,,prueba_final_02,json or other function,473.0,193.0
gpt-4-1106-preview,0.02742,2024-01-23 23:08:14.155894,,prueba_final_02,assistant,2175.0,189.0
gpt-4-1106-preview,0.01062,2024-01-23 23:08:21.631870,,prueba_final_02,json or other function,483.0,193.0
gpt-4-1106-preview,0.02967,2024-01-23 23:10:56.336200,,prueba_final_02,assistant,2397.0,190.0
gpt-4-1106-preview,0.0108399999999999,2024-01-23 23:11:05.363124,,prueba_final_02,json or other function,484.0,200.0
gpt-4-1106-preview,0.03447,2024-01-23 23:12:03.623049,,prueba_final_02,assistant,2613.0,278.0
gpt-4-1106-preview,0.01415,2024-01-23 23:12:28.908176,,prueba_final_02,json or other function,572.0,281.0
dall-e-3,0.04,2024-01-23 23:12:50.331280,,prueba_final_02,photo product,0.0,0.0
gpt-4-1106-preview,0.06698,2024-01-23 23:13:10.651509,,prueba_final_02,assistant,5933.0,255.0
gpt-4-1106-preview,0.00928,2024-01-23 23:13:28.835715,,prueba_final_02,json or other function,451.0,159.0
dall-e-3,0.04,2024-01-23 23:14:50.963535,,prueba_final_02,photo product,0.0,0.0
gpt-4-1106-preview,0.07232,2024-01-23 23:15:08.051982,,prueba_final_02,assistant,6545.0,229.0
gpt-4-1106-preview,0.0076799999999999,2024-01-23 23:15:15.542062,,prueba_final_02,json or other function,411.0,119.0
gpt-4-1106-preview,0.00416,2024-01-23 23:15:53.025977,,prueba_final_02,json or other function,227.0,63.0
gpt-4-1106-preview,0.07961,2024-01-23 23:16:09.279384,,prueba_final_02,assistant,7148.0,271.0
gpt-4-1106-preview,0.00961,2024-01-23 23:16:19.342490,,prueba_final_02,json or other function,457.0,168.0
gpt-4-1106-preview,0.0041899999999999,2024-01-23 23:16:53.656205,,prueba_final_02,json or other function,242.0,59.0
gpt-4-1106-preview,0.0041899999999999,2024-01-23 23:17:14.489559,,prueba_final_02,json or other function,242.0,59.0
gpt-4-1106-preview,0.17765,2024-01-23 23:17:25.144387,,prueba_final_02,assistant,16304.0,487.0
gpt-4-1106-preview,0.0094,2024-01-23 23:17:37.260950,,prueba_final_02,json or other function,451.0,163.0
gpt-4-1106-preview,0.02529,2024-01-28 20:47:17.527217,,prueba_1,assistant,1929.0,200.0
gpt-4-1106-preview,0.01073,2024-01-28 20:47:29.567159,,prueba_1,json or other function,494.0,193.0
gpt-4-1106-preview,0.0236599999999999,2024-01-28 21:21:54.905274,,prueba_1,assistant,1928.0,146.0
gpt-4-1106-preview,0.00812,2024-01-28 21:22:01.071778,,prueba_1,json or other function,440.0,124.0
gpt-4-1106-preview,0.02379,2024-01-28 21:42:57.396955,,prueba_1,assistant,1929.0,150.0
gpt-4-1106-preview,0.00909,2024-01-28 21:43:05.361845,,prueba_1,json or other function,444.0,155.0
gpt-4-1106-preview,0.02424,2024-01-28 21:52:39.664900,,prueba_1,assistant,1929.0,165.0
gpt-4-1106-preview,0.00969,2024-01-28 21:52:49.654908,,prueba_1,json or other function,459.0,170.0
gpt-4-1106-preview,0.02475,2024-01-29 01:25:39.035873,,prueba_1,assistant,1929.0,182.0
gpt-4-1106-preview,0.0106699999999999,2024-01-29 01:25:46.064970,,prueba_1,json or other function,476.0,197.0
gpt-4-1106-preview,0.02376,2024-01-29 01:28:01.537737,,prueba_1,assistant,1929.0,149.0
gpt-4-1106-preview,0.00935,2024-01-29 01:28:10.129460,,prueba_1,json or other function,443.0,164.0
gpt-4-1106-preview,0.02301,2024-01-29 01:32:41.158675,,prueba_1,assistant,1929.0,124.0
gpt-4-1106-preview,0.00805,2024-01-29 01:32:49.169366,,prueba_1,json or other function,418.0,129.0
gpt-4-1106-preview,0.02373,2024-01-29 01:41:08.893671,,prueba_1,assistant,1929.0,148.0
gpt-4-1106-preview,0.0087999999999999,2024-01-29 01:41:15.972563,,prueba_1,json or other function,442.0,146.0
gpt-4-1106-preview,0.0228,2024-01-29 02:09:30.931032,,prueba_1,assistant,1929.0,117.0
gpt-4-1106-preview,0.0077699999999999,2024-01-29 02:09:36.536450,,prueba_1,json or other function,411.0,122.0
gpt-4-1106-preview,0.02499,2024-01-29 15:14:05.170539,,prueba_1,assistant,2085.0,138.0
gpt-4-1106-preview,0.0085499999999999,2024-01-29 15:14:14.786002,,prueba_1,json or other function,432.0,141.0
gpt-4-1106-preview,0.02391,2024-01-29 15:27:39.656570,,prueba_1,assistant,1929.0,154.0
gpt-4-1106-preview,0.00949,2024-01-29 15:27:46.634452,,prueba_1,json or other function,448.0,167.0
gpt-4-1106-preview,0.0237,2024-01-29 15:28:45.164034,,prueba_1,assistant,1929.0,147.0
gpt-4-1106-preview,0.0090599999999999,2024-01-29 15:28:53.395486,,prueba_1,json or other function,441.0,155.0
gpt-4-1106-preview,0.02589,2024-01-29 15:30:56.913230,,prueba_1,assistant,1929.0,220.0
gpt-4-1106-preview,0.01219,2024-01-29 15:31:13.580729,,prueba_1,json or other function,514.0,235.0
gpt-4-1106-preview,0.02247,2024-01-29 17:10:22.855490,,prueba_2,assistant,1929.0,106.0
gpt-4-1106-preview,0.00733,2024-01-29 17:10:32.053135,,prueba_2,json or other function,400.0,111.0
gpt-4-1106-preview,0.02361,2024-01-29 17:10:57.816568,,prueba_2,assistant,1929.0,144.0
gpt-4-1106-preview,0.00852,2024-01-29 17:11:06.988563,,prueba_2,json or other function,438.0,138.0
apify website scraper,0.0073608996822353,2024-01-29 17:12:02.188662,,prueba_2,apify website scraper,0.0,0.0
gpt-4-1106-preview,0.06037,2024-01-29 17:12:18.178888,,prueba_2,assistant,5125.0,304.0
gpt-4-1106-preview,0.0142499999999999,2024-01-29 17:12:30.853085,,prueba_2,json or other function,573.0,284.0
apify instagram scraper,0.0360615505700591,2024-01-29 17:15:13.311965,,prueba_2,apify instagram scraper,0.0,0.0
gpt-4-1106-preview,0.11355,2024-01-29 17:15:34.922506,,prueba_2,assistant,10173.0,394.0
gpt-4-1106-preview,0.01449,2024-01-29 17:15:50.452440,,prueba_2,json or other function,579.0,290.0
dall-e-3,0.04,2024-01-29 17:20:54.376810,,prueba_2,photo product,0.0,0.0
gpt-4-1106-preview,0.0054399999999999,2024-01-29 17:21:19.230156,,prueba_2,json or other function,205.0,113.0
gpt-4-1106-preview,0.17188,2024-01-29 17:21:30.126814,,prueba_2,assistant,15775.0,471.0
gpt-4-1106-preview,0.01157,2024-01-29 17:21:41.677455,,prueba_2,json or other function,506.0,217.0
dall-e-3,0.04,2024-01-29 17:24:48.623927,,prueba_2,photo product,0.0,0.0
gpt-4-1106-preview,0.0949499999999999,2024-01-29 17:24:55.024739,,prueba_2,assistant,8934.0,187.0
gpt-4-1106-preview,0.00615,2024-01-29 17:24:58.534155,,prueba_2,json or other function,372.0,81.0
gpt-4-1106-preview,0.02359,2024-02-03 18:40:20.091400,,admin,assistant,1936.0,141.0
gpt-4-1106-preview,0.009,2024-02-03 18:40:27.320308,,admin,json or other function,435.0,155.0
